"","sub","game","sum","mean.up","mean.rt","median.rt","mean.switch","mean.payoff","prop","count.trial","flag.trial","flag.variance"
"1",8616932,"competition",6,0.4,3364.31566667342,2430.731,0.0714285714285714,9.39057591623037,0.4,15,0,0
"2",8616932,"coordination",5,0.333333333333333,2540.63273334525,1770.31300002383,0.0714285714285714,11.6178010471204,0.333333333333333,15,0,0
"3",8616932,"lottery",2,0.133333333333333,2560.79093334247,1389.29800002385,0.0714285714285714,8.8,0.133333333333333,15,0,0
"4",8623989,"competition",0,0,821.333333333333,834,0,8,0,15,0,1
"5",8623989,"coordination",0,0,1904.2,1351,0,8,0,15,0,1
"6",8623989,"lottery",3,0.2,2007.73333333333,1332,0.285714285714286,8.03333333333333,0.2,15,0,0
"7",8623990,"competition",7,0.466666666666667,6552.51506666706,3035.25199999999,0.214285714285714,9.21326352530541,0.466666666666667,15,0,0
"8",8623990,"coordination",10,0.666666666666667,3958.9831999998,2369.7619999985,0.0714285714285714,12.2129144851658,0.666666666666667,15,0,0
"9",8623990,"lottery",8,0.533333333333333,1997.60213333403,1631.856,0.214285714285714,9.4,0.533333333333333,15,0,0
"10",8623991,"competition",4,0.266666666666667,2216.26666666667,1467,0.142857142857143,8.86247818499127,0.266666666666667,15,0,0
"11",8623991,"coordination",8,0.533333333333333,2294.53333333333,2065,0.5,11.5874345549738,0.533333333333333,15,0,0
"12",8623991,"lottery",4,0.266666666666667,2202.33333333333,1556,0.214285714285714,9.26666666666667,0.266666666666667,15,0,0
"13",8623992,"competition",9,0.6,3393.53333333333,1765,0.0714285714285714,9.84293193717278,0.6,15,0,0
"14",8623992,"coordination",14,0.933333333333333,1115.66666666667,1066,0.0714285714285714,10.3507853403141,0.933333333333333,15,0,0
"15",8623992,"lottery",8,0.533333333333333,2695.13333333333,2698,0.214285714285714,9.46666666666667,0.533333333333333,15,0,0
"16",8623993,"competition",6,0.4,4143.69186666697,2271.10199999704,0.357142857142857,9.11273996509599,0.4,15,0,0
"17",8623993,"coordination",15,1,1485.67093333284,1143.99700000298,0,9.59162303664921,1,15,0,1
"18",8623993,"lottery",7,0.466666666666667,5151.6757999996,1989.99700000149,0.214285714285714,9.56666666666667,0.466666666666667,15,0,0
"19",8623995,"competition",6,0.4,2576.8,1948,0.5,9.24851657940663,0.4,15,0,0
"20",8623995,"coordination",7,0.466666666666667,4518.6,3898,0.0714285714285714,12.2904013961606,0.466666666666667,15,0,0
"21",8623995,"lottery",9,0.6,2450.8,2133,0.0714285714285714,9.5,0.6,15,0,0
"22",8623996,"competition",0,0,2145.90806665237,1166.71200000001,0,8,0,15,0,1
"23",8623996,"coordination",14,0.933333333333333,2657.0638,1558.07399999999,0.0714285714285714,10.3507853403141,0.933333333333333,15,0,0
"24",8623996,"lottery",6,0.4,2391.19166665077,1822.32799998808,0.0714285714285714,9.6,0.4,15,0,0
"25",8623997,"competition",2,0.133333333333333,3800.73333333334,2916,0.285714285714286,8.36474694589878,0.133333333333333,15,0,0
"26",8623997,"coordination",14,0.933333333333333,2515.46666666667,1949,0.0714285714285714,10.3507853403141,0.933333333333333,15,0,0
"27",8623997,"lottery",8,0.533333333333333,1500.06666666667,1400,0.0714285714285714,9.6,0.533333333333333,15,0,0
"28",8623998,"competition",5,0.333333333333333,4154.8194665872,3945.803,0.142857142857143,8.36823734729494,0.333333333333333,15,0,0
"29",8623998,"coordination",5,0.333333333333333,2749.71779988874,2312.73299980927,0.0714285714285714,11.6178010471204,0.333333333333333,15,0,0
"30",8623998,"lottery",5,0.333333333333333,1905.00039991417,1777.44500000001,0.0714285714285714,9.5,0.333333333333333,15,0,0
"31",8623999,"competition",5,0.333333333333333,2306.7992666665,1715.01000000001,0.214285714285714,9.1912739965096,0.333333333333333,15,0,0
"32",8623999,"coordination",10,0.666666666666667,2841.8561333332,2001.31199999999,0.214285714285714,11.9853403141361,0.666666666666667,15,0,0
"33",8623999,"lottery",8,0.533333333333333,3362.56906666646,3030.21299999972,0.214285714285714,9.46666666666667,0.533333333333333,15,0,0
"34",8624000,"competition",1,0.0666666666666667,4727.87846666754,4273.23500000112,0.0714285714285714,7.82722513089005,0.0666666666666667,15,0,0
"35",8624000,"coordination",15,1,2318.43833333366,1648.17100000074,0,9.59162303664921,1,15,0,1
"36",8624000,"lottery",5,0.333333333333333,2519.65326666741,2251.23100000076,0.0714285714285714,9.5,0.333333333333333,15,0,0
"37",8624001,"competition",4,0.266666666666667,2875.55846667461,2381.37500001192,0.5,8.62233856893543,0.266666666666667,15,0,0
"38",8624001,"coordination",15,1,2175.48420002384,1285.46800002383,0,9.59162303664921,1,15,0,1
"39",8624001,"lottery",4,0.266666666666667,1351.04340001828,1365.24400003577,0.0714285714285714,9.33333333333333,0.266666666666667,15,0,0
"40",8624002,"competition",6,0.4,1711.63653333254,1154.62500002384,0.0714285714285714,9.39057591623037,0.4,15,0,0
"41",8624002,"coordination",0,0,542.640866664283,511.992000023849,0,8,0,15,0,1
"42",8624002,"lottery",1,0.0666666666666667,1774.58946666269,1140.867,0.0714285714285714,8.43333333333333,0.0666666666666667,15,0,0
"43",8624003,"competition",3,0.2,4260.13526666885,4141.76700000893,0.357142857142857,7.83839441535777,0.2,15,0,0
"44",8624003,"coordination",15,1,3773.05640000497,2403.39800000298,0,9.59162303664921,1,15,0,1
"45",8624003,"lottery",5,0.333333333333333,3910.57746666885,3367.66999999998,0.0714285714285714,9.5,0.333333333333333,15,0,0
"46",8624004,"competition",1,0.0666666666666667,2945.17059998411,2346.89399997616,0.142857142857143,8.26457242582897,0.0666666666666667,15,0,0
"47",8624004,"coordination",2,0.133333333333333,1883.38439997775,1507.58300002383,0.0714285714285714,9.67434554973822,0.133333333333333,15,0,0
"48",8624004,"lottery",2,0.133333333333333,2107.23286665395,1971.71,0.285714285714286,8.4,0.133333333333333,15,0,0
"49",8624005,"competition",6,0.4,3748.26666666667,3219,0.357142857142857,9.1413612565445,0.4,15,0,0
"50",8624005,"coordination",14,0.933333333333333,1235.33333333333,954,0.142857142857143,10.2317626527051,0.933333333333333,15,0,0
"51",8624005,"lottery",6,0.4,3375,2371,0.285714285714286,8.46666666666667,0.4,15,0,0
"52",8624006,"competition",5,0.333333333333333,14607.6932666524,4173.72,0.214285714285714,9.1912739965096,0.333333333333333,15,0,0
"53",8624006,"coordination",8,0.533333333333333,6831.74713333492,4941.1060000477,0.214285714285714,12.2820244328098,0.533333333333333,15,0,0
"54",8624006,"lottery",5,0.333333333333333,3371.446,2390.07900002383,0.0714285714285714,9.5,0.333333333333333,15,0,0
"55",8624007,"competition",7,0.466666666666667,1479.68513332976,1044.83399999105,0.642857142857143,9.11657940663176,0.466666666666667,15,0,0
"56",8624007,"coordination",11,0.733333333333333,531.919533330155,445.021999994045,0.5,9.43944153577661,0.733333333333333,15,0,0
"57",8624007,"lottery",1,0.0666666666666667,1851.99906666249,777.964,0.142857142857143,8.3,0.0666666666666667,15,0,0
"58",8624008,"competition",6,0.4,4627.08960000159,4473.46199997616,0.714285714285714,8.7825479930192,0.4,15,0,0
"59",8624008,"coordination",12,0.8,3059.944,2606.41400004769,0.0714285714285714,11.5015706806283,0.8,15,0,0
"60",8624008,"lottery",10,0.666666666666667,1523.55433332538,1274.13099995232,0.214285714285714,9.2,0.666666666666667,15,0,0
"61",8624009,"competition",7,0.466666666666667,2771.8905999996,1535.96899999405,0.642857142857143,9.0499127399651,0.466666666666667,15,0,0
"62",8624009,"coordination",15,1,1958.46326666905,1864.57700000596,0,9.59162303664921,1,15,0,1
"63",8624009,"lottery",4,0.266666666666667,2581.61326666786,2098.07900000596,0.0714285714285714,9.33333333333333,0.266666666666667,15,0,0
"64",8624010,"competition",5,0.333333333333333,3628.73333333333,2243,0.214285714285714,9.2369982547993,0.333333333333333,15,0,0
"65",8624010,"coordination",9,0.6,2609.2,2501,0.0714285714285714,12.4188481675393,0.6,15,0,0
"66",8624010,"lottery",6,0.4,2266.06666666667,2112,0.0714285714285714,9.6,0.4,15,0,0
"67",8624011,"competition",1,0.0666666666666667,1338.46666666667,1100,0.0714285714285714,8.33123909249564,0.0666666666666667,15,0,0
"68",8624011,"coordination",15,1,1031.06666666667,983,0,9.59162303664921,1,15,0,1
"69",8624011,"lottery",1,0.0666666666666667,1923.53333333333,1550,0.0714285714285714,8.43333333333333,0.0666666666666667,15,0,0
"70",8624012,"competition",6,0.4,2128.46666666667,1361,0.357142857142857,9.360907504363,0.4,15,0,0
"71",8624012,"coordination",7,0.466666666666667,2036,1764,0.214285714285714,12.0104712041885,0.466666666666667,15,0,0
"72",8624012,"lottery",6,0.4,1128.4,1015,0.214285714285714,9.4,0.4,15,0,0
"73",8624013,"competition",4,0.266666666666667,3791.17166667263,3707.79600000595,0.428571428571429,8.69982547993019,0.266666666666667,15,0,0
"74",8624013,"coordination",12,0.8,2824.17400000795,1906.87900000597,0.0714285714285714,11.5015706806283,0.8,15,0,0
"75",8624013,"lottery",7,0.466666666666667,1656.39333334168,1490.41499999404,0.0714285714285714,9.63333333333333,0.466666666666667,15,0,0
"76",8624014,"competition",7,0.466666666666667,3826.74773332777,3069.06699998213,0.357142857142857,9.32635253054101,0.466666666666667,15,0,0
"77",8624014,"coordination",10,0.666666666666667,2179.87366665554,1531.65299997616,0.214285714285714,11.4830715532286,0.666666666666667,15,0,0
"78",8624014,"lottery",9,0.6,2527.44986665634,1976.37499998807,0.285714285714286,8.9,0.6,15,0,0
"79",8624015,"competition",5,0.333333333333333,4156.08913333341,3263.98699999999,0.214285714285714,8.93926701570681,0.333333333333333,15,0,0
"80",8624015,"coordination",8,0.533333333333333,2737.79480000021,2433.98600000028,0.0714285714285714,12.4272251308901,0.533333333333333,15,0,0
"81",8624015,"lottery",7,0.466666666666667,1947.3149333335,1478.19200000018,0.0714285714285714,9.63333333333333,0.466666666666667,15,0,0
"82",8624016,"competition",7,0.466666666666667,2139.15479999761,1839.496,0.285714285714286,9.20488656195463,0.466666666666667,15,0,0
"83",8624016,"coordination",7,0.466666666666667,1559.83506666587,1163.83199999403,0.142857142857143,11.2753926701571,0.466666666666667,15,0,0
"84",8624016,"lottery",6,0.4,2185.51386666865,2065.22,0.214285714285714,9.53333333333333,0.4,15,0,0
"85",8624017,"competition",0,0,2707.00700002066,2733.18699999999,0,8,0,15,0,1
"86",8624017,"coordination",14,0.933333333333333,1526.61266668812,1346.20400001193,0.0714285714285714,10.3507853403141,0.933333333333333,15,0,0
"87",8624017,"lottery",10,0.666666666666667,3333.40680001907,2333.08499999999,0.0714285714285714,9.33333333333333,0.666666666666667,15,0,0
"88",8624018,"competition",8,0.533333333333333,4086.06666666667,2165.00000000003,0.0714285714285714,9.72565445026178,0.533333333333333,15,0,0
"89",8624018,"coordination",14,0.933333333333333,2959.33333333334,1726,0.0714285714285714,10.3507853403141,0.933333333333333,15,0,0
"90",8624018,"lottery",3,0.2,3105.26666666667,2112,0.0714285714285714,9.1,0.2,15,0,0
"91",8624019,"competition",8,0.533333333333333,2257.46666666667,1584,0.5,9.38603839441536,0.533333333333333,15,0,0
"92",8624019,"coordination",14,0.933333333333333,1134,999,0.0714285714285714,10.3507853403141,0.933333333333333,15,0,0
"93",8624019,"lottery",7,0.466666666666667,3260.86666666667,2757,0.642857142857143,8.9,0.466666666666667,15,0,0
"94",8624020,"competition",5,0.333333333333333,2068.86666666667,1617,0.214285714285714,9.15986038394415,0.333333333333333,15,0,0
"95",8624020,"coordination",5,0.333333333333333,2534.33333333333,1950,0.214285714285714,11.3273996509599,0.333333333333333,15,0,0
"96",8624020,"lottery",7,0.466666666666667,1847.2,1431,0.0714285714285714,9.63333333333333,0.466666666666667,15,0,0
"97",8624021,"competition",8,0.533333333333333,2407.77653309809,1570.4899997139,0.642857142857143,9.04956369982548,0.533333333333333,15,0,0
"98",8624021,"coordination",13,0.866666666666667,1114.59606646321,986.813999713893,0.0714285714285714,10.99092495637,0.866666666666667,15,0,0
"99",8624021,"lottery",8,0.533333333333333,1473.5823998347,1186.77499999999,0.214285714285714,9.46666666666667,0.533333333333333,15,0,0
"100",8624022,"competition",6,0.4,12389.4448666649,9883.36499999999,0.142857142857143,8.00732984293194,0.4,15,0,0
"101",8624022,"coordination",15,1,7994.84513333115,7583.32800000001,0,9.59162303664921,1,15,0,1
"102",8624022,"lottery",6,0.4,3185.59573333194,2818.01500000007,0.0714285714285714,9.6,0.4,15,0,0
"103",8624023,"competition",6,0.4,2423.23240000011,2051.84599999982,0.285714285714286,9.07469458987784,0.4,15,0,0
"104",8624023,"coordination",5,0.333333333333333,3224.57946666691,3288.97300000019,0.0714285714285714,11.6178010471204,0.333333333333333,15,0,0
"105",8624023,"lottery",6,0.4,2430.96966666686,2003.61400000038,0.214285714285714,9.53333333333333,0.4,15,0,0
"106",8624024,"competition",4,0.266666666666667,2608.03553332499,2034.28099999999,0.214285714285714,8.94624781849913,0.266666666666667,15,0,0
"107",8624024,"coordination",10,0.666666666666667,2620.68226665157,2444.49299999404,0.214285714285714,11.5183246073298,0.666666666666667,15,0,0
"108",8624024,"lottery",9,0.6,1856.81713332459,1411.74400000001,0.214285714285714,9.43333333333333,0.6,15,0,0
"109",8624025,"competition",5,0.333333333333333,4098.73333333334,3837,0.571428571428571,8.49284467713787,0.333333333333333,15,0,0
"110",8624025,"coordination",10,0.666666666666667,1253.4,985,0.0714285714285714,12.2129144851658,0.666666666666667,15,0,0
"111",8624025,"lottery",9,0.6,1982.93333333333,1488,0.0714285714285714,9.5,0.6,15,0,0
"112",8624026,"competition",4,0.266666666666667,4152.12226668177,3355.92200004769,0.428571428571429,8.49214659685864,0.266666666666667,15,0,0
"113",8624026,"coordination",5,0.333333333333333,3311.95900001192,2634.474,0.0714285714285714,11.6178010471204,0.333333333333333,15,0,0
"114",8624026,"lottery",4,0.266666666666667,2232.65993335479,1932.43600004769,0.214285714285714,9.26666666666667,0.266666666666667,15,0,0
"115",8624027,"competition",3,0.2,5522.06666666667,4114,0.428571428571429,8.53577661431065,0.2,15,0,0
"116",8624027,"coordination",15,1,3201.06666666667,2831,0,9.59162303664921,1,15,0,1
"117",8624027,"lottery",4,0.266666666666667,3407.66666666667,2415,0.285714285714286,8.8,0.266666666666667,15,0,0
"118",8624028,"competition",11,0.733333333333333,10159.6782666428,10719.9189999642,0.428571428571429,8.76369982547993,0.733333333333333,15,0,0
"119",8624028,"coordination",11,0.733333333333333,6691.02166664124,6903.75199996424,0.285714285714286,11.38184991274,0.733333333333333,15,0,0
"120",8624028,"lottery",8,0.533333333333333,5870.04046664362,6388.522,0.5,9.06666666666667,0.533333333333333,15,0,0
"121",8624029,"competition",5,0.333333333333333,2537.48073347956,2266.53700019073,0.642857142857143,8.81396160558464,0.333333333333333,15,0,0
"122",8624029,"coordination",12,0.8,1611.26020018438,1429.33400009536,0.0714285714285714,11.5015706806283,0.8,15,0,0
"123",8624029,"lottery",4,0.266666666666667,2048.94140018438,1326.6300002861,0.214285714285714,9.2,0.266666666666667,15,0,0
"124",8624030,"competition",8,0.533333333333333,5443.46666666667,3870.00000000003,0.428571428571429,8.88342059336824,0.533333333333333,15,0,0
"125",8624030,"coordination",14,0.933333333333333,2044.93333333334,1387.00000000003,0.0714285714285714,10.3507853403141,0.933333333333333,15,0,0
"126",8624030,"lottery",12,0.8,4564.8,3687,0.214285714285714,8.6,0.8,15,0,0
"127",8624031,"competition",8,0.533333333333333,3417.54413337307,2051.942,0.428571428571429,8.82338568935428,0.533333333333333,15,0,0
"128",8624031,"coordination",14,0.933333333333333,1031.36980001271,833.55600007152,0.0714285714285714,10.3507853403141,0.933333333333333,15,0,0
"129",8624031,"lottery",8,0.533333333333333,2005.41606667779,1548.21999997616,0.214285714285714,9.53333333333333,0.533333333333333,15,0,0
"130",8624032,"competition",6,0.4,2593.40133335241,2143.51800000001,0.357142857142857,9.42094240837696,0.4,15,0,0
"131",8624032,"coordination",9,0.6,1905.10146668415,1489.41200004768,0.0714285714285714,12.4188481675393,0.6,15,0,0
"132",8624032,"lottery",9,0.6,4614.06293336035,2656.68600007152,0.0714285714285714,9.5,0.6,15,0,0
"133",8624033,"competition",6,0.4,3129.93333333334,2092,0.642857142857143,8.96684118673648,0.4,15,0,0
"134",8624033,"coordination",9,0.6,1958.26666666667,1590,0.214285714285714,12.2212914485166,0.6,15,0,0
"135",8624033,"lottery",8,0.533333333333333,2621.13333333333,1923,0.214285714285714,9.46666666666667,0.533333333333333,15,0,0
"136",8624034,"competition",5,0.333333333333333,2341.33333333333,2030.00000000001,0.285714285714286,9.01012216404887,0.333333333333333,15,0,0
"137",8624034,"coordination",9,0.6,1722.46666666667,1149,0.0714285714285714,12.4188481675393,0.6,15,0,0
"138",8624034,"lottery",7,0.466666666666667,2242.86666666667,1448,0.0714285714285714,9.63333333333333,0.466666666666667,15,0,0
"139",8624035,"competition",1,0.0666666666666667,7682.99360001113,6742.27800000596,0.142857142857143,8.26457242582897,0.0666666666666667,15,0,0
"140",8624035,"coordination",10,0.666666666666667,5621.79700001192,3363.64500000596,0.214285714285714,11.6792321116928,0.666666666666667,15,0,0
"141",8624035,"lottery",2,0.133333333333333,5466.43813334327,5471.15100000595,0.142857142857143,8.66666666666667,0.133333333333333,15,0,0
"142",8624037,"competition",6,0.4,2913.6,1736,0.428571428571429,8.10750436300174,0.4,15,0,0
"143",8624037,"coordination",7,0.466666666666667,1544.66666666667,1255,0.0714285714285714,12.2904013961606,0.466666666666667,15,0,0
"144",8624037,"lottery",8,0.533333333333333,1295.86666666667,1103.99999999999,0.0714285714285714,9.6,0.533333333333333,15,0,0
"145",8624039,"competition",5,0.333333333333333,2639.8,2131.00000000001,0.571428571428571,8.4760907504363,0.333333333333333,15,0,0
"146",8624039,"coordination",7,0.466666666666667,2131.2,1814,0.214285714285714,12.1713787085515,0.466666666666667,15,0,0
"147",8624039,"lottery",7,0.466666666666667,1729.4,1276.99999999999,0.214285714285714,9.5,0.466666666666667,15,0,0
"148",8624040,"competition",0,0,5937.2,2053,0,8,0,15,0,1
"149",8624040,"coordination",12,0.8,1883.26666666667,1355.00000000003,0.142857142857143,10.5089005235602,0.8,15,0,0
"150",8624040,"lottery",5,0.333333333333333,2965.73333333334,1738,0.0714285714285714,9.5,0.333333333333333,15,0,0
"151",8624041,"competition",5,0.333333333333333,2864.07139998569,2450.02599996424,0.285714285714286,8.97975567190227,0.333333333333333,15,0,0
"152",8624041,"coordination",15,1,828.265199990463,629.343999988079,0,9.59162303664921,1,15,0,1
"153",8624041,"lottery",8,0.533333333333333,1637.5927999841,1336.39800001192,0.214285714285714,9.53333333333333,0.533333333333333,15,0,0
"154",8624042,"competition",5,0.333333333333333,2332.62979998808,2219.27600001192,0.428571428571429,8.81710296684119,0.333333333333333,15,0,0
"155",8624042,"coordination",7,0.466666666666667,1772.24593331505,1595.19599998808,0.5,11.4191972076789,0.466666666666667,15,0,0
"156",8624042,"lottery",4,0.266666666666667,2195.12766665633,1811.10900001192,0.357142857142857,8.86666666666667,0.266666666666667,15,0,0
"157",8624043,"competition",5,0.333333333333333,11028.1316000068,5411.66899999999,0.357142857142857,9.02966841186736,0.333333333333333,15,0,0
"158",8624043,"coordination",14,0.933333333333333,2516.84993334207,1391.23300001788,0.0714285714285714,10.3507853403141,0.933333333333333,15,0,0
"159",8624043,"lottery",9,0.6,2661.95966667144,2072.49400000596,0.0714285714285714,9.5,0.6,15,0,0
"160",8624044,"competition",5,0.333333333333333,3323.26200004133,2227.86300009537,0.214285714285714,9.2369982547993,0.333333333333333,15,0,0
"161",8624044,"coordination",14,0.933333333333333,1900.87120003179,1612.80100004768,0.0714285714285714,10.3507853403141,0.933333333333333,15,0,0
"162",8624044,"lottery",5,0.333333333333333,2989.84460003179,2525.64200009537,0.214285714285714,9.23333333333333,0.333333333333333,15,0,0
"163",8624045,"competition",3,0.2,4902.26186666984,4042.61400002384,0.357142857142857,8.46876090750436,0.2,15,0,0
"164",8624045,"coordination",9,0.6,3482.64913333413,2966.548,0.285714285714286,11.4038394415358,0.6,15,0,0
"165",8624045,"lottery",7,0.466666666666667,2172.80233333254,1547.21699997617,0.142857142857143,9.1,0.466666666666667,15,0,0
"166",8624046,"competition",2,0.133333333333333,2075.56399999999,1177.88,0.0714285714285714,8.59581151832461,0.133333333333333,15,0,0
"167",8624046,"coordination",8,0.533333333333333,2843.23333333333,2514.84,0.0714285714285714,12.4272251308901,0.533333333333333,15,0,0
"168",8624046,"lottery",8,0.533333333333333,1328.9,1219.84,0.0714285714285714,9.6,0.533333333333333,15,0,0
"169",8624048,"competition",3,0.2,1551.06960001987,1216.46100004768,0.0714285714285714,8.80942408376963,0.2,15,0,0
"170",8624048,"coordination",4,0.266666666666667,1333.47813334287,1215.60800004768,0.0714285714285714,11.0715532286213,0.266666666666667,15,0,0
"171",8624048,"lottery",2,0.133333333333333,2229.36100000636,1649.29600001192,0.0714285714285714,8.8,0.133333333333333,15,0,0
"172",8624050,"competition",5,0.333333333333333,3633.23313334605,3053.00900001192,0.0714285714285714,9.19371727748691,0.333333333333333,15,0,0
"173",8624050,"coordination",8,0.533333333333333,1737.32146668336,1376.38400003576,0.214285714285714,12.2820244328098,0.533333333333333,15,0,0
"174",8624050,"lottery",5,0.333333333333333,2659.44613334526,1467.47999998808,0.0714285714285714,9.5,0.333333333333333,15,0,0
"175",8624051,"competition",4,0.266666666666667,7223.65726666607,4255.38799999404,0.142857142857143,8.79476439790576,0.266666666666667,15,0,0
"176",8624051,"coordination",8,0.533333333333333,7408.7532000004,8411.36599999404,0.0714285714285714,12.4272251308901,0.533333333333333,15,0,0
"177",8624051,"lottery",6,0.4,6169.07606666607,5483.97700000595,0.0714285714285714,9.6,0.4,15,0,0
"178",8624052,"competition",6,0.4,7007.5912000004,5796.77200000075,0.357142857142857,9.26422338568935,0.4,15,0,0
"179",8624052,"coordination",9,0.6,5027.0524000002,3936.26199999999,0.214285714285714,12.1493891797557,0.6,15,0,0
"180",8624052,"lottery",6,0.4,2439.96780000053,2329.44300000003,0.214285714285714,9.53333333333333,0.4,15,0,0
"181",8624053,"competition",5,0.333333333333333,3313.40113331863,2686.55099997616,0.357142857142857,9.08027923211169,0.333333333333333,15,0,0
"182",8624053,"coordination",7,0.466666666666667,2214.14179998927,2232.11199999999,0.0714285714285714,12.2904013961606,0.466666666666667,15,0,0
"183",8624053,"lottery",4,0.266666666666667,2087.23146665554,1650.44200000001,0.0714285714285714,9.33333333333333,0.266666666666667,15,0,0
"184",8624054,"competition",0,0,1747.46159999988,1166.94899999925,0,8,0,15,0,1
"185",8624054,"coordination",15,1,1972.73706666674,1668.69700000074,0,9.59162303664921,1,15,0,1
"186",8624054,"lottery",5,0.333333333333333,2049.39919999995,1500.08700000074,0.214285714285714,9.36666666666667,0.333333333333333,15,0,0
"187",8624055,"competition",4,0.266666666666667,5228.82213335082,3364.42700001192,0.428571428571429,8.1434554973822,0.266666666666667,15,0,0
"188",8624055,"coordination",14,0.933333333333333,2283.11706668653,1236.01400001193,0.0714285714285714,10.3507853403141,0.933333333333333,15,0,0
"189",8624055,"lottery",5,0.333333333333333,1504.64266669448,1403.55700002384,0.0714285714285714,9.5,0.333333333333333,15,0,0
"190",8624056,"competition",5,0.333333333333333,2431.93333333333,1152,0.214285714285714,9.1912739965096,0.333333333333333,15,0,0
"191",8624056,"coordination",10,0.666666666666667,1505.13333333333,1153,0.0714285714285714,12.2129144851658,0.666666666666667,15,0,0
"192",8624056,"lottery",8,0.533333333333333,1655.6,920,0.214285714285714,9.53333333333333,0.533333333333333,15,0,0
"193",8624057,"competition",5,0.333333333333333,2772.26839999364,2430.75300004768,0.357142857142857,8.9783595113438,0.333333333333333,15,0,0
"194",8624057,"coordination",12,0.8,3171.88906665395,2041.10700004769,0.357142857142857,11.1392670157068,0.8,15,0,0
"195",8624057,"lottery",7,0.466666666666667,2223.20419999682,1560.11299995231,0.214285714285714,9.5,0.466666666666667,15,0,0
"196",8624058,"competition",5,0.333333333333333,3422.06666666667,2232,0.214285714285714,9.15986038394415,0.333333333333333,15,0,0
"197",8624058,"coordination",9,0.6,5447.53333333333,4067,0.0714285714285714,12.4188481675393,0.6,15,0,0
"198",8624058,"lottery",9,0.6,2565.4,1716,0.0714285714285714,9.5,0.6,15,0,0
"199",8624059,"competition",6,0.4,5821.13333333334,4256,0.285714285714286,8.04118673647469,0.4,15,0,0
"200",8624059,"coordination",7,0.466666666666667,4531.46666666667,3565,0.214285714285714,12.0104712041885,0.466666666666667,15,0,0
"201",8624059,"lottery",7,0.466666666666667,5158.13333333334,5665,0.0714285714285714,9.63333333333333,0.466666666666667,15,0,0
"202",8624062,"competition",4,0.266666666666667,2771.26666666667,2017,0.214285714285714,8.98010471204188,0.266666666666667,15,0,0
"203",8624062,"coordination",12,0.8,1956,1665,0.214285714285714,11.1968586387435,0.8,15,0,0
"204",8624062,"lottery",5,0.333333333333333,1932,1683,0.0714285714285714,9.5,0.333333333333333,15,0,0
"205",8624063,"competition",6,0.4,4072.38300013351,3856.4610002861,0.214285714285714,7.96509598603839,0.4,15,0,0
"206",8624063,"coordination",7,0.466666666666667,3755.00366674932,1990.12599990465,0.0714285714285714,12.2904013961606,0.466666666666667,15,0,0
"207",8624063,"lottery",4,0.266666666666667,2795.21653337148,2436.52700009537,0.214285714285714,9.2,0.266666666666667,15,0,0
"208",8624064,"competition",7,0.466666666666667,5098.2,3001,0.5,9.11623036649215,0.466666666666667,15,0,0
"209",8624064,"coordination",14,0.933333333333333,2737.73333333333,2249,0.0714285714285714,10.3507853403141,0.933333333333333,15,0,0
"210",8624064,"lottery",7,0.466666666666667,4286.6,3234,0.0714285714285714,9.63333333333333,0.466666666666667,15,0,0
"211",8624065,"competition",11,0.733333333333333,4667.99599996185,3215.85900000001,0.214285714285714,9.73123909249564,0.733333333333333,15,0,0
"212",8624065,"coordination",15,1,2470.68899994278,1506.82199985694,0,9.59162303664921,1,15,0,1
"213",8624065,"lottery",10,0.666666666666667,1837.06353326658,1782.05899995231,0.214285714285714,9.26666666666667,0.666666666666667,15,0,0
"214",8624066,"competition",4,0.266666666666667,1816.60266666671,1424.71399999992,0.0714285714285714,9.04013961605585,0.266666666666667,15,0,0
"215",8624066,"coordination",6,0.4,4401.58066666675,4301.41,0.642857142857143,8.64677137870855,0.4,15,0,0
"216",8624066,"lottery",2,0.133333333333333,2282.72313333343,2022.32899999991,0.0714285714285714,8.8,0.133333333333333,15,0,0
"217",8624067,"competition",0,0,2116,1133,0,8,0,15,0,1
"218",8624067,"coordination",15,1,5836.86666666667,2166,0,9.59162303664921,1,15,0,1
"219",8624067,"lottery",9,0.6,2463.66666666667,1816,0.428571428571429,8.63333333333333,0.6,15,0,0
"220",8624068,"competition",5,0.333333333333333,4508,2301,0.214285714285714,9.15741710296684,0.333333333333333,15,0,0
"221",8624068,"coordination",7,0.466666666666667,3856.2,2951,0.214285714285714,12.1713787085515,0.466666666666667,15,0,0
"222",8624068,"lottery",6,0.4,2193.13333333333,1534,0.357142857142857,9.4,0.4,15,0,0
"223",8624069,"competition",5,0.333333333333333,1421.96333331744,1172.47500000001,0.214285714285714,9.22408376963351,0.333333333333333,15,0,0
"224",8624069,"coordination",13,0.866666666666667,2404.82006664521,1358.40099997616,0.214285714285714,10.6286212914485,0.866666666666667,15,0,0
"225",8624069,"lottery",6,0.4,3084.01279997457,2509.72899998807,0.0714285714285714,9.6,0.4,15,0,0
"226",8624070,"competition",5,0.333333333333333,4561.53333333333,3437,0.214285714285714,9.1912739965096,0.333333333333333,15,0,0
"227",8624070,"coordination",13,0.866666666666667,1535.4,1154.00000000001,0.0714285714285714,10.99092495637,0.866666666666667,15,0,0
"228",8624070,"lottery",4,0.266666666666667,1307.13333333334,1137.00000000003,0.0714285714285714,9.33333333333333,0.266666666666667,15,0,0
"229",8624072,"competition",15,1,948.285333333333,756.979999999996,0,9.56020942408377,1,15,0,1
"230",8624072,"coordination",15,1,758.680000000001,741.559999999998,0,9.59162303664921,1,15,0,1
"231",8624072,"lottery",14,0.933333333333333,1545.58266666667,973.620000000003,0.0714285714285714,8,0.933333333333333,15,0,0
"232",8624073,"competition",5,0.333333333333333,2660.62933333333,2407,0.0714285714285714,9.19371727748691,0.333333333333333,15,0,0
"233",8624073,"coordination",5,0.333333333333333,3428.29866666667,3006,0.214285714285714,11.3026178010471,0.333333333333333,15,0,0
"234",8624073,"lottery",7,0.466666666666667,2159.93866666667,2055.57999999999,0.0714285714285714,9.63333333333333,0.466666666666667,15,0,0
"235",8624074,"competition",4,0.266666666666667,2242.86666666667,1483,0.285714285714286,8.60279232111693,0.266666666666667,15,0,0
"236",8624074,"coordination",0,0,2277.93333333333,1538,0,8,0,15,0,1
"237",8624074,"lottery",2,0.133333333333333,1417.8,901,0.285714285714286,7.86666666666667,0.133333333333333,15,0,0
"238",8624077,"competition",3,0.2,6963.49866666031,4291.916,0.357142857142857,8.44397905759162,0.2,15,0,0
"239",8624077,"coordination",2,0.133333333333333,2200.02873332539,1612.09499997617,0.285714285714286,7.90610820244328,0.133333333333333,15,0,0
"240",8624077,"lottery",4,0.266666666666667,5656.02519997616,3166.08000000002,0.214285714285714,9.13333333333333,0.266666666666667,15,0,0
"241",8624078,"competition",0,0,3059.66666666667,2923,0,8,0,15,0,1
"242",8624078,"coordination",11,0.733333333333333,3711.6,2214,0.214285714285714,11.7022687609075,0.733333333333333,15,0,0
"243",8624078,"lottery",7,0.466666666666667,2280.73333333333,1751,0.0714285714285714,9.63333333333333,0.466666666666667,15,0,0
"244",8624087,"competition",6,0.4,18448.2403333339,10998.919,0.214285714285714,9.32809773123909,0.4,15,0,0
"245",8624087,"coordination",14,0.933333333333333,9127.64020000079,5673.32300000297,0.0714285714285714,10.3507853403141,0.933333333333333,15,0,0
"246",8624087,"lottery",6,0.4,5564.08700000099,3499.09899999999,0.0714285714285714,9.6,0.4,15,0,0
"247",8624088,"competition",5,0.333333333333333,10295.6576,7678.87599999999,0.214285714285714,7.95148342059337,0.333333333333333,15,0,0
"248",8624088,"coordination",15,1,2979.50720000001,2512.57200000009,0,9.59162303664921,1,15,0,1
"249",8624088,"lottery",6,0.4,2063.8880666667,1637.97599999979,0.0714285714285714,9.6,0.4,15,0,0
"250",8624091,"competition",6,0.4,3982.15386664124,3487.40099992848,0.0714285714285714,9.39057591623037,0.4,15,0,0
"251",8624091,"coordination",10,0.666666666666667,2424.0451999841,1884.06500002384,0.214285714285714,11.9434554973822,0.666666666666667,15,0,0
"252",8624091,"lottery",10,0.666666666666667,1816.74226664918,1724.71099997615,0.0714285714285714,9.33333333333333,0.666666666666667,15,0,0
"253",8624092,"competition",9,0.6,2286.53333333333,1350,0.357142857142857,9.65619546247819,0.6,15,0,0
"254",8624092,"coordination",11,0.733333333333333,2963.4,2051,0.214285714285714,11.7022687609075,0.733333333333333,15,0,0
"255",8624092,"lottery",9,0.6,1313,1214,0.214285714285714,9.36666666666667,0.6,15,0,0
"256",8624093,"competition",3,0.2,2602.71493333318,1975.1189999998,0.357142857142857,8.69842931937173,0.2,15,0,0
"257",8624093,"coordination",9,0.6,3561.48839999984,2750.50199999981,0.428571428571429,9.18673647469459,0.6,15,0,0
"258",8624093,"lottery",6,0.4,1886.97499999984,1691.8759999999,0.5,9.06666666666667,0.4,15,0,0
"259",8624094,"competition",4,0.266666666666667,11138.5573333333,6403.29999999999,0.428571428571429,8.53891797556719,0.266666666666667,15,0,0
"260",8624094,"coordination",7,0.466666666666667,10961.0026666667,8626.06,0.357142857142857,11.6167539267016,0.466666666666667,15,0,0
"261",8624094,"lottery",7,0.466666666666667,5303.53066666667,4151.60000000001,0.214285714285714,9.56666666666667,0.466666666666667,15,0,0
"262",8624097,"competition",7,0.466666666666667,1744,1210,0.0714285714285714,9.54171029668412,0.466666666666667,15,0,0
"263",8624097,"coordination",8,0.533333333333333,2056,1726,0.0714285714285714,12.4272251308901,0.533333333333333,15,0,0
"264",8624097,"lottery",7,0.466666666666667,1270.06666666667,1194.00000000001,0.0714285714285714,9.63333333333333,0.466666666666667,15,0,0
"265",8624109,"competition",4,0.266666666666667,2335.1076666669,2223.45100000056,0.428571428571429,8.21396160558464,0.266666666666667,15,0,0
"266",8624109,"coordination",6,0.4,2102.98786666654,1875.62599999944,0.0714285714285714,12.034554973822,0.4,15,0,0
"267",8624109,"lottery",5,0.333333333333333,2408.81800000021,1705.00400000055,0.0714285714285714,9.5,0.333333333333333,15,0,0
"268",8624113,"competition",0,0,1107.48099977748,1046.75699961853,0,8,0,15,0,1
"269",8624113,"coordination",15,1,2832.23466648229,2760.95599961853,0,9.59162303664921,1,15,0,1
"270",8624113,"lottery",1,0.0666666666666667,1048.11966648864,983.451000000001,0.142857142857143,8.16666666666667,0.0666666666666667,15,0,0
"271",8624117,"competition",7,0.466666666666667,1848.71819999992,1293.46799999982,0.214285714285714,9.57452006980803,0.466666666666667,15,0,0
"272",8624117,"coordination",7,0.466666666666667,1243.93953333323,1246.32700000009,0.0714285714285714,12.2904013961606,0.466666666666667,15,0,0
"273",8624117,"lottery",7,0.466666666666667,2443.76946666656,1682.20399999972,0.214285714285714,9.56666666666667,0.466666666666667,15,0,0
"274",8624122,"competition",5,0.333333333333333,1576,1050,0.428571428571429,8.29842931937173,0.333333333333333,15,0,0
"275",8624122,"coordination",15,1,1715,1515,0,9.59162303664921,1,15,0,1
"276",8624122,"lottery",1,0.0666666666666667,2159.26666666667,1950,0.142857142857143,8.3,0.0666666666666667,15,0,0
"277",8624142,"competition",7,0.466666666666667,1003.6,949,0.0714285714285714,9.54171029668412,0.466666666666667,15,0,0
"278",8624142,"coordination",8,0.533333333333333,1114.26666666667,1015,0.0714285714285714,12.4272251308901,0.533333333333333,15,0,0
"279",8624142,"lottery",7,0.466666666666667,1443.06666666667,1084,0.357142857142857,9.3,0.466666666666667,15,0,0
"280",8624144,"competition",8,0.533333333333333,3676.98886668097,2412.73500004769,0.5,9.55357766143107,0.533333333333333,15,0,0
"281",8624144,"coordination",10,0.666666666666667,2041.27186668892,1674.23299997616,0.0714285714285714,12.2129144851658,0.666666666666667,15,0,0
"282",8624144,"lottery",7,0.466666666666667,1559.46960001907,1347.48600004768,0.0714285714285714,9.63333333333333,0.466666666666667,15,0,0
"283",8624156,"competition",4,0.266666666666667,2191.71333333333,1770.82,0.0714285714285714,9.04013961605585,0.266666666666667,15,0,0
"284",8624156,"coordination",10,0.666666666666667,1475.352,1214.02,0.0714285714285714,12.2129144851658,0.666666666666667,15,0,0
"285",8624156,"lottery",7,0.466666666666667,1353.47866666667,1331.75999999999,0.0714285714285714,9.63333333333333,0.466666666666667,15,0,0
"286",8624170,"competition",10,0.666666666666667,5186.80579998967,2715.261,0.214285714285714,8.41570680628272,0.666666666666667,15,0,0
"287",8624170,"coordination",0,0,2231.96619999205,1107.51799998808,0,8,0,15,0,1
"288",8624170,"lottery",15,1,1646.53153332459,1249.351,0,7.5,1,15,0,1
"289",8624173,"competition",15,1,930.800000000002,803,0,9.56020942408377,1,15,0,1
"290",8624173,"coordination",15,1,1180,988,0,9.59162303664921,1,15,0,1
"291",8624173,"lottery",7,0.466666666666667,2079.33333333333,1522,0.5,7.83333333333333,0.466666666666667,15,0,0
"292",8624179,"competition",9,0.6,3055.69306668574,2293.97200002384,0.357142857142857,9.62338568935428,0.6,15,0,0
"293",8624179,"coordination",13,0.866666666666667,1721.85493335002,1357.01300000001,0.214285714285714,10.8614310645724,0.866666666666667,15,0,0
"294",8624179,"lottery",9,0.6,1560.62406668653,1413.00700003577,0.0714285714285714,9.5,0.6,15,0,0
"295",8624204,"competition",9,0.6,6059.47033332598,4295.91099999403,0.428571428571429,9.07120418848167,0.6,15,0,0
"296",8624204,"coordination",5,0.333333333333333,4871.19686666091,3261.75900000001,0.571428571428571,8.98743455497382,0.333333333333333,15,0,0
"297",8624204,"lottery",6,0.4,3452.16286665991,2545.06399998808,0.357142857142857,8.8,0.4,15,0,0
"298",8716020,"competition",9,0.6,2483.66666666667,1532,0.642857142857143,9.17312390924956,0.6,15,0,0
"299",8716020,"coordination",15,1,914.4,781,0,9.59162303664921,1,15,0,1
"300",8716020,"lottery",8,0.533333333333333,1054,966,0.0714285714285714,9.6,0.533333333333333,15,0,0
"301",8716022,"competition",6,0.4,6265.79313333334,4904.606,0.357142857142857,9.18464223385689,0.4,15,0,0
"302",8716022,"coordination",15,1,3226.0974666667,2285.2050000001,0,9.59162303664921,1,15,0,1
"303",8716022,"lottery",6,0.4,2652.3861333334,1977.27400000015,0.0714285714285714,9.6,0.4,15,0,0
"304",8722108,"competition",4,0.266666666666667,4022.66666666667,2860,0.214285714285714,9.00628272251309,0.266666666666667,15,0,0
"305",8722108,"coordination",10,0.666666666666667,2315.66666666667,1863,0.214285714285714,12.1410122164049,0.666666666666667,15,0,0
"306",8722108,"lottery",6,0.4,2960.33333333334,1369,0.214285714285714,9.46666666666667,0.4,15,0,0
"307",8722109,"competition",4,0.266666666666667,2054.82386666664,1680.30299999988,0.0714285714285714,9.04013961605585,0.266666666666667,15,0,0
"308",8722109,"coordination",12,0.8,1594.94026666667,1180.73099999993,0.357142857142857,11.0673647469459,0.8,15,0,0
"309",8722109,"lottery",8,0.533333333333333,1511.58079999999,1329.59399999992,0.0714285714285714,9.6,0.533333333333333,15,0,0
"310",8722110,"competition",4,0.266666666666667,7732.27626677157,6776.02700014305,0.5,8.82897033158813,0.266666666666667,15,0,0
"311",8722110,"coordination",6,0.4,1703.05326676521,1290.67700019074,0.0714285714285714,12.034554973822,0.4,15,0,0
"312",8722110,"lottery",7,0.466666666666667,1454.10946678429,1278.11300009536,0.0714285714285714,9.63333333333333,0.466666666666667,15,0,0
"313",8728565,"competition",5,0.333333333333333,2778.18520000007,1596.18900000019,0.0714285714285714,9.19371727748691,0.333333333333333,15,0,0
"314",8728565,"coordination",6,0.4,4002.2884666667,3979.7570000001,0.214285714285714,11.6094240837696,0.4,15,0,0
"315",8728565,"lottery",4,0.266666666666667,4727.40813333333,3646.921,0.0714285714285714,9.33333333333333,0.266666666666667,15,0,0
"316",8728566,"competition",2,0.133333333333333,1270.29739994914,1160.89899980926,0.0714285714285714,8.59581151832461,0.133333333333333,15,0,0
"317",8728566,"coordination",3,0.2,1514.21393323161,1406.30699995231,0.0714285714285714,10.4062827225131,0.2,15,0,0
"318",8728566,"lottery",3,0.2,2840.70326658402,1527.21999980926,0.0714285714285714,9.1,0.2,15,0,0
"319",8728567,"competition",8,0.533333333333333,10900.2952000001,8843.954,0.571428571428571,9.10296684118674,0.533333333333333,15,0,0
"320",8728567,"coordination",11,0.733333333333333,2453.09526666683,1799.3940000002,0.0714285714285714,11.9350785340314,0.733333333333333,15,0,0
"321",8728567,"lottery",7,0.466666666666667,4804.38200000023,3881.02900000037,0.214285714285714,9.56666666666667,0.466666666666667,15,0,0
"322",8728568,"competition",7,0.466666666666667,3801.84180000004,2562.77800000018,0.357142857142857,9.4282722513089,0.466666666666667,15,0,0
"323",8728568,"coordination",5,0.333333333333333,4338.77860000004,3208.12000000018,0.0714285714285714,11.6178010471204,0.333333333333333,15,0,0
"324",8728568,"lottery",7,0.466666666666667,2132.01393333333,1753.18999999992,0.214285714285714,9.56666666666667,0.466666666666667,15,0,0
"325",8728569,"competition",5,0.333333333333333,3391.15400000079,2887.78500000596,0.428571428571429,8.61151832460733,0.333333333333333,15,0,0
"326",8728569,"coordination",7,0.466666666666667,3626.32953333452,3035.95400001192,0.214285714285714,11.7567190226876,0.466666666666667,15,0,0
"327",8728569,"lottery",8,0.533333333333333,1841.44273333493,1564.95600000597,0.214285714285714,9.53333333333333,0.533333333333333,15,0,0
"328",8728570,"competition",7,0.466666666666667,2226.13333333334,1903,0.428571428571429,9.32809773123909,0.466666666666667,15,0,0
"329",8728570,"coordination",4,0.266666666666667,2499.93333333334,1866.00000000001,0.0714285714285714,11.0715532286213,0.266666666666667,15,0,0
"330",8728570,"lottery",7,0.466666666666667,1929.53333333334,1665,0.0714285714285714,9.63333333333333,0.466666666666667,15,0,0
"331",8728571,"competition",5,0.333333333333333,2770.11346669369,2338.51100003577,0.5,9.09493891797557,0.333333333333333,15,0,0
"332",8728571,"coordination",6,0.4,1836.34013334684,1712.35900003577,0.0714285714285714,12.034554973822,0.4,15,0,0
"333",8728571,"lottery",5,0.333333333333333,1542.83460002146,1480.39200002383,0.214285714285714,9.43333333333333,0.333333333333333,15,0,0
"334",8728572,"competition",4,0.266666666666667,4801.89120010808,4191.25000014305,0.285714285714286,8.61919720767888,0.266666666666667,15,0,0
"335",8728572,"coordination",15,1,2156.81493343824,1783.62700014305,0,9.59162303664921,1,15,0,1
"336",8728572,"lottery",5,0.333333333333333,2843.32673345413,2367.11100009538,0.214285714285714,9.36666666666667,0.333333333333333,15,0,0
"337",8728573,"competition",3,0.2,6562.44679997616,5629.58799995232,0.428571428571429,8.35287958115183,0.2,15,0,0
"338",8728573,"coordination",8,0.533333333333333,4302.07333331267,3280.42499997615,0.214285714285714,12.1630017452007,0.533333333333333,15,0,0
"339",8728573,"lottery",1,0.0666666666666667,3242.10606665077,2741.72800002384,0.0714285714285714,8.43333333333333,0.0666666666666667,15,0,0
"340",8728574,"competition",5,0.333333333333333,3769.76553334446,3675.31700002385,0.357142857142857,9.1130890052356,0.333333333333333,15,0,0
"341",8728574,"coordination",8,0.533333333333333,3444.3304666921,2627.44400007153,0.0714285714285714,12.4272251308901,0.533333333333333,15,0,0
"342",8728574,"lottery",8,0.533333333333333,3041.87393335559,3170.61600004768,0.214285714285714,9.46666666666667,0.533333333333333,15,0,0
"343",8728575,"competition",8,0.533333333333333,5297.37639999841,4504.55899999999,0.571428571428571,8.6303664921466,0.533333333333333,15,0,0
"344",8728575,"coordination",14,0.933333333333333,1901.36719999742,1361.88999999998,0.0714285714285714,10.3507853403141,0.933333333333333,15,0,0
"345",8728575,"lottery",8,0.533333333333333,1586.07166666468,1367.64999999703,0.0714285714285714,9.6,0.533333333333333,15,0,0
"346",8728576,"competition",7,0.466666666666667,4026.10233344142,2959.67100009538,0.0714285714285714,9.54171029668412,0.466666666666667,15,0,0
"347",8728576,"coordination",15,1,872.854800060403,918.809000095382,0,9.59162303664921,1,15,0,1
"348",8728576,"lottery",4,0.266666666666667,4220.34666672389,3054.657,0.0714285714285714,9.33333333333333,0.266666666666667,15,0,0
"349",8728577,"competition",5,0.333333333333333,9819.79313330472,6642.48399997613,0.428571428571429,8.66422338568935,0.333333333333333,15,0,0
"350",8728577,"coordination",15,1,1517.60819998251,1446.05900002384,0,9.59162303664921,1,15,0,1
"351",8728577,"lottery",6,0.4,4433.6421999857,2732.89199995232,0.214285714285714,9.53333333333333,0.4,15,0,0
"352",8728578,"competition",5,0.333333333333333,4268.82380001113,2481.02600000001,0.0714285714285714,9.19371727748691,0.333333333333333,15,0,0
"353",8728578,"coordination",14,0.933333333333333,3407.04086667779,2031.02099999999,0.0714285714285714,10.3507853403141,0.933333333333333,15,0,0
"354",8728578,"lottery",6,0.4,2083.5032000159,1598.43300000002,0.0714285714285714,9.6,0.4,15,0,0
"355",8728579,"competition",5,0.333333333333333,4311.68060006676,4037.52700009536,0.428571428571429,8.64746945898778,0.333333333333333,15,0,0
"356",8728579,"coordination",13,0.866666666666667,2247.59773343506,2012.67600004768,0.0714285714285714,10.99092495637,0.866666666666667,15,0,0
"357",8728579,"lottery",4,0.266666666666667,2730.1503334287,2211.38700009537,0.214285714285714,9.2,0.266666666666667,15,0,0
"358",8728581,"competition",4,0.266666666666667,2146.93333333333,1250,0.357142857142857,9.02338568935428,0.266666666666667,15,0,0
"359",8728581,"coordination",9,0.6,1525.13333333333,1301,0.0714285714285714,12.4188481675393,0.6,15,0,0
"360",8728581,"lottery",7,0.466666666666667,2654.2,1331,0.0714285714285714,9.63333333333333,0.466666666666667,15,0,0
"361",8728582,"competition",7,0.466666666666667,5338.93333333334,4472,0.214285714285714,9.17347294938918,0.466666666666667,15,0,0
"362",8728582,"coordination",7,0.466666666666667,3363.53333333333,2454,0.0714285714285714,12.2904013961606,0.466666666666667,15,0,0
"363",8728582,"lottery",5,0.333333333333333,2787.8,2153.00000000001,0.0714285714285714,9.5,0.333333333333333,15,0,0
"364",8728583,"competition",6,0.4,6304.94593333336,3613.325,0.5,9.00418848167539,0.4,15,0,0
"365",8728583,"coordination",8,0.533333333333333,3107.13613333342,1658.05000000019,0.0714285714285714,12.4272251308901,0.533333333333333,15,0,0
"366",8728583,"lottery",5,0.333333333333333,3407.87326666672,1319.32500000001,0.214285714285714,9.36666666666667,0.333333333333333,15,0,0
"367",8728585,"competition",0,0,1360.76326669051,1119.40099997616,0,8,0,15,0,1
"368",8728585,"coordination",13,0.866666666666667,2449.23806668097,2163.72100002384,0.0714285714285714,10.99092495637,0.866666666666667,15,0,0
"369",8728585,"lottery",4,0.266666666666667,1469.32613337625,1280.272,0.0714285714285714,9.33333333333333,0.266666666666667,15,0,0
"370",8728586,"competition",0,0,1779.932,1353.64000000001,0,8,0,15,0,1
"371",8728586,"coordination",5,0.333333333333333,2052.49466666667,2002.42,0.0714285714285714,11.6178010471204,0.333333333333333,15,0,0
"372",8728586,"lottery",4,0.266666666666667,2553.072,2564.9,0.214285714285714,9.26666666666667,0.266666666666667,15,0,0
"373",8728587,"competition",7,0.466666666666667,3441.0366,2895.875,0.357142857142857,9.43211169284468,0.466666666666667,15,0,0
"374",8728587,"coordination",6,0.4,1667.74600001272,1374.62700019073,0.0714285714285714,12.034554973822,0.4,15,0,0
"375",8728587,"lottery",6,0.4,2159.29419998093,1798.65400019074,0.0714285714285714,9.6,0.4,15,0,0
"376",8728588,"competition",7,0.466666666666667,1020.8,1041,0.0714285714285714,9.54171029668412,0.466666666666667,15,0,0
"377",8728588,"coordination",6,0.4,2497.2,1742.00000000001,0.214285714285714,11.873647469459,0.4,15,0,0
"378",8728588,"lottery",6,0.4,1064.26666666667,967.000000000015,0.0714285714285714,9.6,0.4,15,0,0
"379",8728589,"competition",4,0.266666666666667,2473.25213333398,1448.41900000148,0.0714285714285714,9.04013961605585,0.266666666666667,15,0,0
"380",8728589,"coordination",6,0.4,2336.33293333403,2131.84,0.0714285714285714,12.034554973822,0.4,15,0,0
"381",8728589,"lottery",5,0.333333333333333,2753.13833333433,2527.11000000223,0.0714285714285714,9.5,0.333333333333333,15,0,0
"382",8728607,"competition",8,0.533333333333333,1989.86666666667,1518,0.571428571428571,9.05968586387435,0.533333333333333,15,0,0
"383",8728607,"coordination",15,1,1429.86666666667,1301,0,9.59162303664921,1,15,0,1
"384",8728607,"lottery",9,0.6,2037.86666666667,2016,0.357142857142857,7.63333333333333,0.6,15,0,0
"385",8728610,"competition",7,0.466666666666667,2437.03860002543,2075.89500009537,0.214285714285714,9.52879581151833,0.466666666666667,15,0,0
"386",8728610,"coordination",11,0.733333333333333,1730.41340003179,1509.092,0.0714285714285714,11.9350785340314,0.733333333333333,15,0,0
"387",8728610,"lottery",5,0.333333333333333,1596.20293337148,1347.11199995232,0.214285714285714,9.3,0.333333333333333,15,0,0
"388",8728615,"competition",9,0.6,8117.97446662852,5311.11399990463,0.428571428571429,9.03874345549738,0.6,15,0,0
"389",8728615,"coordination",11,0.733333333333333,3037.10799994596,2811.65399997617,0.214285714285714,11.5099476439791,0.733333333333333,15,0,0
"390",8728615,"lottery",9,0.6,6273.88239996662,5601.56799995231,0.357142857142857,9.16666666666667,0.6,15,0,0
"391",8728621,"competition",2,0.133333333333333,3256.30466671276,3002.84400000001,0.285714285714286,8.14834205933682,0.133333333333333,15,0,0
"392",8728621,"coordination",9,0.6,3016.4982667064,2580.46999999999,0.357142857142857,12.0041884816754,0.6,15,0,0
"393",8728621,"lottery",7,0.466666666666667,3297.8626000302,3142.36600007152,0.214285714285714,9.56666666666667,0.466666666666667,15,0,0
"394",8728622,"competition",6,0.4,6423.17366652044,5678.93600000002,0.5,9.13019197207679,0.4,15,0,0
"395",8728622,"coordination",11,0.733333333333333,4787.58999982834,4175.08699980925,0.285714285714286,10.9200698080279,0.733333333333333,15,0,0
"396",8728622,"lottery",6,0.4,4071.32919979655,3558.20099961853,0.357142857142857,9.13333333333333,0.4,15,0,0
"397",8728623,"competition",5,0.333333333333333,4582.73333333334,3305,0.0714285714285714,9.19371727748691,0.333333333333333,15,0,0
"398",8728623,"coordination",8,0.533333333333333,4855.53333333333,2370,0.0714285714285714,12.4272251308901,0.533333333333333,15,0,0
"399",8728623,"lottery",7,0.466666666666667,2997.8,1303,0.0714285714285714,9.63333333333333,0.466666666666667,15,0,0
"400",8728624,"competition",6,0.4,2028.97133325704,1592.97999990464,0.357142857142857,8.77731239092496,0.4,15,0,0
"401",8728624,"coordination",9,0.6,2379.99973325068,1393.68099990464,0.214285714285714,12.1493891797557,0.6,15,0,0
"402",8728624,"lottery",4,0.266666666666667,3309.32813325068,2209.7179997139,0.357142857142857,9.13333333333333,0.266666666666667,15,0,0
"403",8728625,"competition",10,0.666666666666667,2826.16986670322,1943.01600007151,0.214285714285714,9.85828970331588,0.666666666666667,15,0,0
"404",8728625,"coordination",9,0.6,2545.01640005086,2381.42600004768,0.0714285714285714,12.4188481675393,0.6,15,0,0
"405",8728625,"lottery",8,0.533333333333333,1841.50700003656,1689.59600002384,0.0714285714285714,9.6,0.533333333333333,15,0,0
"406",8728631,"competition",5,0.333333333333333,5411.61380000059,3865.99799999702,0.142857142857143,9.05933682373473,0.333333333333333,15,0,0
"407",8728631,"coordination",8,0.533333333333333,2193.44366666984,1515.83300000595,0.214285714285714,12.2820244328098,0.533333333333333,15,0,0
"408",8728631,"lottery",5,0.333333333333333,2589.35186667143,2696.89400000298,0.0714285714285714,9.5,0.333333333333333,15,0,0
"409",8728634,"competition",6,0.4,5159.57319999978,4589.5509999999,0.5,8.40523560209424,0.4,15,0,0
"410",8728634,"coordination",6,0.4,2952.60693333317,2640.3029999999,0.0714285714285714,12.034554973822,0.4,15,0,0
"411",8728634,"lottery",5,0.333333333333333,1912.49966666652,1840.1149999999,0.0714285714285714,9.5,0.333333333333333,15,0,0
"412",8728654,"competition",5,0.333333333333333,6937.6879999992,3705.72900000001,0.357142857142857,9.05061082024433,0.333333333333333,15,0,0
"413",8728654,"coordination",6,0.4,3470.40813332538,2327.71699997617,0.428571428571429,10.6219895287958,0.4,15,0,0
"414",8728654,"lottery",8,0.533333333333333,1814.0518666619,1549.12000001193,0.214285714285714,9.46666666666667,0.533333333333333,15,0,0
"415",8743736,"competition",10,0.666666666666667,2928.80840006676,1662.45499999999,0.357142857142857,8.88726003490401,0.666666666666667,15,0,0
"416",8743736,"coordination",1,0.0666666666666667,2634.5967334287,1951.38800014305,0.142857142857143,8.6652705061082,0.0666666666666667,15,0,0
"417",8743736,"lottery",8,0.533333333333333,1683.12046676203,1438.29600014305,0.214285714285714,9.46666666666667,0.533333333333333,15,0,0
"418",8743737,"competition",7,0.466666666666667,1374.8,1026,0.0714285714285714,9.54171029668412,0.466666666666667,15,0,0
"419",8743737,"coordination",7,0.466666666666667,2204,1294,0.0714285714285714,12.2904013961606,0.466666666666667,15,0,0
"420",8743737,"lottery",7,0.466666666666667,1497.6,1409,0.0714285714285714,9.63333333333333,0.466666666666667,15,0,0
"421",8743738,"competition",4,0.266666666666667,2978.23053333155,2008.93800000596,0.5,8.47643979057592,0.266666666666667,15,0,0
"422",8743738,"coordination",5,0.333333333333333,4200.15206666667,3525.12700000596,0.214285714285714,10.7937172774869,0.333333333333333,15,0,0
"423",8743738,"lottery",4,0.266666666666667,2196.5057999992,1706.07400000299,0.214285714285714,9.2,0.266666666666667,15,0,0
"424",8743740,"competition",6,0.4,5706.75599999523,2654.00599999106,0.428571428571429,8.67050610820244,0.4,15,0,0
"425",8743740,"coordination",8,0.533333333333333,2474.03713332836,2256.18199999403,0.0714285714285714,12.4272251308901,0.533333333333333,15,0,0
"426",8743740,"lottery",5,0.333333333333333,3141.54146666011,2786.96699999106,0.0714285714285714,9.5,0.333333333333333,15,0,0
"427",8743741,"competition",10,0.666666666666667,7915.08700006675,3920.4760000477,0.357142857142857,9.5434554973822,0.666666666666667,15,0,0
"428",8743741,"coordination",12,0.8,1834.15840010172,1430.19400019074,0.285714285714286,11.0202443280977,0.8,15,0,0
"429",8743741,"lottery",8,0.533333333333333,2461.75700006358,1877.86500014305,0.0714285714285714,9.6,0.533333333333333,15,0,0
"430",8750031,"competition",5,0.333333333333333,1790.54846671117,1285.97799995232,0.0714285714285714,9.19371727748691,0.333333333333333,15,0,0
"431",8750031,"coordination",5,0.333333333333333,2077.03760005722,1497.18900009537,0.0714285714285714,11.6178010471204,0.333333333333333,15,0,0
"432",8750031,"lottery",6,0.4,1745.60466673978,1167.11300004768,0.0714285714285714,9.6,0.4,15,0,0
"433",8750033,"competition",6,0.4,2645.47933333418,2027.663,0.5,7.97975567190227,0.4,15,0,0
"434",8750033,"coordination",6,0.4,1461.71666666729,1228.20699999999,0.357142857142857,5.94973821989529,0.4,15,0,0
"435",8750033,"lottery",4,0.266666666666667,3283.40346666714,2086.03400000112,0.357142857142857,6.6,0.266666666666667,15,0,0
"436",8750034,"competition",9,0.6,3728.66666666667,3186,0.5,9.39232111692845,0.6,15,0,0
"437",8750034,"coordination",8,0.533333333333333,1152.2,1054.00000000001,0.214285714285714,12.0020942408377,0.533333333333333,15,0,0
"438",8750034,"lottery",7,0.466666666666667,1109.8,971,0.0714285714285714,9.63333333333333,0.466666666666667,15,0,0
"439",8750275,"competition",6,0.4,3726.43839990781,1868.19899999999,0.357142857142857,8.5804537521815,0.4,15,0,0
"440",8750275,"coordination",8,0.533333333333333,1625.99139995232,1245.43799995232,0.214285714285714,12.1630017452007,0.533333333333333,15,0,0
"441",8750275,"lottery",8,0.533333333333333,4739.8381998951,2362.94899990463,0.714285714285714,7.6,0.533333333333333,15,0,0
"442",8750278,"competition",5,0.333333333333333,1370.59053333169,1253.587,0.357142857142857,9.05026178010471,0.333333333333333,15,0,0
"443",8750278,"coordination",12,0.8,2603.69046666523,1918.48999999926,0.285714285714286,10.9483420593368,0.8,15,0,0
"444",8750278,"lottery",7,0.466666666666667,1171.81426666553,1004.44099999851,0.0714285714285714,9.63333333333333,0.466666666666667,15,0,0
"445",8750281,"competition",4,0.266666666666667,3628.13333333334,3654.00000000001,0.357142857142857,7.80279232111693,0.266666666666667,15,0,0
"446",8750281,"coordination",9,0.6,2301.13333333333,1837.00000000001,0.0714285714285714,12.4188481675393,0.6,15,0,0
"447",8750281,"lottery",10,0.666666666666667,2023.93333333333,1735,0.0714285714285714,9.33333333333333,0.666666666666667,15,0,0
"448",8756676,"competition",2,0.133333333333333,4045.94926666488,2393.25900000297,0.285714285714286,8.41815008726003,0.133333333333333,15,0,0
"449",8756676,"coordination",15,1,1294.73119999762,1005.59699999106,0,9.59162303664921,1,15,0,1
"450",8756676,"lottery",7,0.466666666666667,2293.06706666527,1475.80700000297,0.0714285714285714,9.63333333333333,0.466666666666667,15,0,0
"451",8756704,"competition",5,0.333333333333333,7810.23853351136,4635.72600009537,0.428571428571429,8.94764397905759,0.333333333333333,15,0,0
"452",8756704,"coordination",7,0.466666666666667,3889.55060019709,3808.41200009537,0.357142857142857,11.1916230366492,0.466666666666667,15,0,0
"453",8756704,"lottery",5,0.333333333333333,3427.03526689555,2618.353,0.571428571428571,8.1,0.333333333333333,15,0,0
"454",8756708,"competition",9,0.6,4228.66599999324,2937.262,0.357142857142857,9.55287958115183,0.6,15,0,0
"455",8756708,"coordination",9,0.6,2576.19986665832,2131.39800000002,0.0714285714285714,12.4188481675393,0.6,15,0,0
"456",8756708,"lottery",15,1,1885.10746665753,1095.12400000001,0,7.5,1,15,0,1
"457",8758609,"competition",3,0.2,3454.8,3183,0.285714285714286,8.56544502617801,0.2,15,0,0
"458",8758609,"coordination",5,0.333333333333333,3512.13333333334,2927,0.0714285714285714,11.6178010471204,0.333333333333333,15,0,0
"459",8758609,"lottery",7,0.466666666666667,1940.73333333333,1543,0.357142857142857,9.1,0.466666666666667,15,0,0
"460",8758610,"competition",11,0.733333333333333,10417.8,4136,0.0714285714285714,9.9455497382199,0.733333333333333,15,0,0
"461",8758610,"coordination",5,0.333333333333333,11843.6,2553,0.0714285714285714,11.6178010471204,0.333333333333333,15,0,0
"462",8758610,"lottery",7,0.466666666666667,2270.8,1578,0.0714285714285714,9.63333333333333,0.466666666666667,15,0,0
"463",8758611,"competition",8,0.533333333333333,2435.73380000034,2190.48900000038,0.0714285714285714,9.72565445026178,0.533333333333333,15,0,0
"464",8758611,"coordination",15,1,1994.79026666682,1760.85900000038,0,9.59162303664921,1,15,0,1
"465",8758611,"lottery",8,0.533333333333333,2206.25373333381,1682.75999999999,0.0714285714285714,9.6,0.533333333333333,15,0,0
"466",8758613,"competition",6,0.4,5227.59306667164,3829.55300001192,0.142857142857143,8.51937172774869,0.4,15,0,0
"467",8758613,"coordination",5,0.333333333333333,3178.37606667441,2788.05400000596,0.357142857142857,11.1417102966841,0.333333333333333,15,0,0
"468",8758613,"lottery",6,0.4,3044.28820000596,2485.38200000596,0.214285714285714,9.53333333333333,0.4,15,0,0
"469",8758719,"competition",2,0.133333333333333,1776.6,867,0.142857142857143,7.88830715532286,0.133333333333333,15,0,0
"470",8758719,"coordination",15,1,752.266666666667,717,0,9.59162303664921,1,15,0,1
"471",8758719,"lottery",3,0.2,1303.2,1250,0.285714285714286,7.16666666666667,0.2,15,0,0
"472",8765800,"competition",0,0,1473.35979999205,726.767999982112,0,8,0,15,0,1
"473",8765800,"coordination",8,0.533333333333333,2099.40166665991,1722.38900000596,0.0714285714285714,12.4272251308901,0.533333333333333,15,0,0
"474",8765800,"lottery",0,0,2038.27473332817,1456.79900000596,0,8,0,15,0,1
"475",8765802,"competition",5,0.333333333333333,8126.75866666667,6573.86000000004,0.5,8.06771378708551,0.333333333333333,15,0,0
"476",8765802,"coordination",11,0.733333333333333,3427.39866666667,2180.84,0.285714285714286,11.38184991274,0.733333333333333,15,0,0
"477",8765802,"lottery",9,0.6,2081.108,1671.22,0.0714285714285714,9.5,0.6,15,0,0
"478",8766696,"competition",5,0.333333333333333,2359.60446666659,1418.4099999998,0.0714285714285714,9.19371727748691,0.333333333333333,15,0,0
"479",8766696,"coordination",8,0.533333333333333,1993.94573333339,1676.98599999963,0.0714285714285714,12.4272251308901,0.533333333333333,15,0,0
"480",8766696,"lottery",6,0.4,3541.75000000006,2656.51800000019,0.214285714285714,9.46666666666667,0.4,15,0,0
"481",8766697,"competition",6,0.4,3724.47900002225,2302.08700002384,0.5,8.67434554973822,0.4,15,0,0
"482",8766697,"coordination",9,0.6,1907.19186668812,1299.94799999997,0.0714285714285714,12.4188481675393,0.6,15,0,0
"483",8766697,"lottery",5,0.333333333333333,1159.27360001987,1027.58200001193,0.0714285714285714,9.5,0.333333333333333,15,0,0
"484",8766698,"competition",3,0.2,2670.06666666667,1738,0.428571428571429,8.56928446771379,0.2,15,0,0
"485",8766698,"coordination",6,0.4,2851.26666666667,2704,0.0714285714285714,12.034554973822,0.4,15,0,0
"486",8766698,"lottery",6,0.4,1820.6,1580,0.0714285714285714,9.6,0.4,15,0,0
"487",8766699,"competition",15,1,1674.86666666667,1260,0,9.56020942408377,1,15,0,1
"488",8766699,"coordination",10,0.666666666666667,1416.4,1073.00000000001,0.214285714285714,11.7787085514834,0.666666666666667,15,0,0
"489",8766699,"lottery",12,0.8,983.533333333335,822,0.214285714285714,8.66666666666667,0.8,15,0,0
"490",8766700,"competition",8,0.533333333333333,3145.94253332737,3141.27899999701,0.5,8.54031413612566,0.533333333333333,15,0,0
"491",8766700,"coordination",7,0.466666666666667,2761.64066666031,2441.14699999106,0.0714285714285714,12.2904013961606,0.466666666666667,15,0,0
"492",8766700,"lottery",6,0.4,2409.17353332876,1691.03899999702,0.0714285714285714,9.6,0.4,15,0,0
"493",8766701,"competition",10,0.666666666666667,8179.09853334685,6352.40600001789,0.357142857142857,8.53856893542758,0.666666666666667,15,0,0
"494",8766701,"coordination",7,0.466666666666667,3873.50293334128,2848.785,0.214285714285714,11.5239092495637,0.466666666666667,15,0,0
"495",8766701,"lottery",7,0.466666666666667,2207.42640001192,2000.09200001194,0.0714285714285714,9.63333333333333,0.466666666666667,15,0,0
"496",8766702,"competition",4,0.266666666666667,1623.74213333344,1186.33300000009,0.0714285714285714,9.04013961605585,0.266666666666667,15,0,0
"497",8766702,"coordination",15,1,1331.95166666677,731.013000000188,0,9.59162303664921,1,15,0,1
"498",8766702,"lottery",9,0.6,1274.47093333349,870.506999999998,0.0714285714285714,9.5,0.6,15,0,0
"499",8766703,"competition",5,0.333333333333333,3044.66666666667,2299,0.214285714285714,9.2369982547993,0.333333333333333,15,0,0
"500",8766703,"coordination",12,0.8,1921.93333333333,1173,0.142857142857143,11.1759162303665,0.8,15,0,0
"501",8766703,"lottery",8,0.533333333333333,2170.93333333333,1293,0.0714285714285714,9.6,0.533333333333333,15,0,0
"502",8766704,"competition",8,0.533333333333333,3611.34713332976,1755.13399998212,0.0714285714285714,8.01849912739965,0.533333333333333,15,0,0
"503",8766704,"coordination",7,0.466666666666667,2244.63893332698,1784.90999998212,0.214285714285714,11.7567190226876,0.466666666666667,15,0,0
"504",8766704,"lottery",14,0.933333333333333,1395.40453332618,1112.34399998212,0.142857142857143,7.46666666666667,0.933333333333333,15,0,0
"505",8766705,"competition",10,0.666666666666667,8335.83746666845,6771.60900000596,0.5,8.63769633507853,0.666666666666667,15,0,0
"506",8766705,"coordination",12,0.8,2950.239,1697.53099999702,0.214285714285714,11.4244328097731,0.8,15,0,0
"507",8766705,"lottery",15,1,2458.614599999,1056.69100000596,0,7.5,1,15,0,1
"508",8766943,"competition",3,0.2,1547.38506668574,964.080000023838,0.357142857142857,8.66212914485166,0.2,15,0,0
"509",8766943,"coordination",5,0.333333333333333,2400.19180003179,1795.804,0.214285714285714,10.560907504363,0.333333333333333,15,0,0
"510",8766943,"lottery",3,0.2,1362.62200001589,1091.75399997616,0.214285714285714,9.03333333333333,0.2,15,0,0
"511",8766944,"competition",7,0.466666666666667,2829.93286666632,2610.26000000074,0.285714285714286,9.32774869109948,0.466666666666667,15,0,0
"512",8766944,"coordination",10,0.666666666666667,1607.01279999911,1243.389,0.214285714285714,12.1410122164049,0.666666666666667,15,0,0
"513",8766944,"lottery",9,0.6,1809.61259999945,1561.16600000074,0.0714285714285714,9.5,0.6,15,0,0
"514",8766945,"competition",4,0.266666666666667,5965.09680000074,4911.22700000037,0.357142857142857,8.94380453752182,0.266666666666667,15,0,0
"515",8766945,"coordination",4,0.266666666666667,4417.53680000067,4334.03200000001,0.285714285714286,9.73752181500873,0.266666666666667,15,0,0
"516",8766945,"lottery",5,0.333333333333333,2845.15313333398,2392.94200000074,0.0714285714285714,9.5,0.333333333333333,15,0,0
"517",8766946,"competition",2,0.133333333333333,1263.33333333334,1049,0.214285714285714,8.48237347294939,0.133333333333333,15,0,0
"518",8766946,"coordination",11,0.733333333333333,1638.46666666667,1300,0.357142857142857,11.6303664921466,0.733333333333333,15,0,0
"519",8766946,"lottery",8,0.533333333333333,1924.6,1611,0.5,8.8,0.533333333333333,15,0,0
"520",8766947,"competition",6,0.4,3181.6698,2831.44100004768,0.571428571428571,8.51099476439791,0.4,15,0,0
"521",8766947,"coordination",6,0.4,2040.80806666349,1832.858,0.357142857142857,11.2823734729494,0.4,15,0,0
"522",8766947,"lottery",6,0.4,1375.43286667302,1303.62400004768,0.0714285714285714,9.6,0.4,15,0,0
"523",8766948,"competition",8,0.533333333333333,3579.15473332737,3734.29099998808,0.285714285714286,9.4478184991274,0.533333333333333,15,0,0
"524",8766948,"coordination",11,0.733333333333333,2440.48013332757,1755.20899999107,0.214285714285714,11.7794066317627,0.733333333333333,15,0,0
"525",8766948,"lottery",9,0.6,2063.16519999543,1874.34599999999,0.214285714285714,9.43333333333333,0.6,15,0,0
"526",8766950,"competition",7,0.466666666666667,3478.78633337466,2700.66300004769,0.357142857142857,8.90191972076789,0.466666666666667,15,0,0
"527",8766950,"coordination",11,0.733333333333333,1933.65286671117,1477.261,0.571428571428571,9.42897033158813,0.733333333333333,15,0,0
"528",8766950,"lottery",8,0.533333333333333,2078.82806670322,1801.13100002384,0.214285714285714,9.2,0.533333333333333,15,0,0
"529",8766951,"competition",4,0.266666666666667,3339.67860002225,3495.72300004767,0.214285714285714,8.9630017452007,0.266666666666667,15,0,0
"530",8766951,"coordination",8,0.533333333333333,4386.00806667938,4187.32500002384,0.571428571428571,10.1905759162304,0.533333333333333,15,0,0
"531",8766951,"lottery",4,0.266666666666667,2250.33520000794,2157.85499997615,0.0714285714285714,9.33333333333333,0.266666666666667,15,0,0
"532",8766952,"competition",7,0.466666666666667,5233.49793339373,3946.46800007153,0.357142857142857,8.12530541012216,0.466666666666667,15,0,0
"533",8766952,"coordination",15,1,2039.17820004133,1845.28200004768,0,9.59162303664921,1,15,0,1
"534",8766952,"lottery",9,0.6,2931.13920004927,2522.89100002384,0.0714285714285714,9.5,0.6,15,0,0
"535",8766972,"competition",5,0.333333333333333,2986.29513337466,1368.391,0.5,8.91483420593368,0.333333333333333,15,0,0
"536",8766972,"coordination",15,1,1098.72333336194,1081.42900014305,0,9.59162303664921,1,15,0,1
"537",8766972,"lottery",14,0.933333333333333,3664.3956000445,3710.56200009536,0.142857142857143,7.53333333333333,0.933333333333333,15,0,0
"538",8772680,"competition",9,0.6,2873.71433333334,2538.575,0.357142857142857,9.56369982547993,0.6,15,0,0
"539",8772680,"coordination",14,0.933333333333333,3540.19766666667,2256.81,0.0714285714285714,10.3507853403141,0.933333333333333,15,0,0
"540",8772680,"lottery",10,0.666666666666667,1799.61166666667,1554.64499999999,0.0714285714285714,9.33333333333333,0.666666666666667,15,0,0
"541",8772681,"competition",9,0.6,1833.80240000795,1116.20600003576,0.357142857142857,8.25026178010471,0.6,15,0,0
"542",8772681,"coordination",8,0.533333333333333,1242.63840001033,1021.96000001192,0.214285714285714,12.2820244328098,0.533333333333333,15,0,0
"543",8772681,"lottery",3,0.2,2273.0910666762,1431.32099998808,0.0714285714285714,9.1,0.2,15,0,0
"544",8772682,"competition",9,0.6,7108.69173346684,5573.37799990464,0.142857142857143,8.34973821989529,0.6,15,0,0
"545",8772682,"coordination",13,0.866666666666667,5397.67800012715,4514.54400009534,0.0714285714285714,10.99092495637,0.866666666666667,15,0,0
"546",8772682,"lottery",6,0.4,3154.89960006994,2740.03300009537,0.357142857142857,9.33333333333333,0.4,15,0,0
"547",8774373,"competition",7,0.466666666666667,9166.104,6587.42000000001,0.571428571428571,8.95287958115183,0.466666666666667,15,0,0
"548",8774373,"coordination",10,0.666666666666667,4212.77733333333,2919.35999999999,0.0714285714285714,12.2129144851658,0.666666666666667,15,0,0
"549",8774373,"lottery",10,0.666666666666667,3170.08133333334,2220.32000000001,0.0714285714285714,9.33333333333333,0.666666666666667,15,0,0
"550",8774376,"competition",7,0.466666666666667,3466.22386666672,2060.02899999962,0.357142857142857,9.44153577661431,0.466666666666667,15,0,0
"551",8774376,"coordination",5,0.333333333333333,2069.10373333346,1992.07000000039,0.214285714285714,11.4883071553229,0.333333333333333,15,0,0
"552",8774376,"lottery",8,0.533333333333333,2225.45386666672,1728.625,0.214285714285714,9.53333333333333,0.533333333333333,15,0,0
"553",8784408,"competition",7,0.466666666666667,8638.79526664124,6153.58000000002,0.214285714285714,9.49493891797557,0.466666666666667,15,0,0
"554",8784408,"coordination",14,0.933333333333333,4793.72913330949,2577.66299998808,0.0714285714285714,10.3507853403141,0.933333333333333,15,0,0
"555",8784408,"lottery",7,0.466666666666667,3434.55993330949,2083.68700000001,0.0714285714285714,9.63333333333333,0.466666666666667,15,0,0
"556",8784409,"competition",0,0,1725.95733325704,1453.65000009537,0,8,0,15,0,1
"557",8784409,"coordination",0,0,1205.02826657766,1123.027,0,8,0,15,0,1
"558",8784409,"lottery",0,0,1229.76466659673,1053.03899980927,0,8,0,15,0,1
"559",8818798,"competition",6,0.4,2593.4,2153.00000000001,0.571428571428571,8.86631762652705,0.4,15,0,0
"560",8818798,"coordination",6,0.4,2305,2069,0.214285714285714,11.4642233856894,0.4,15,0,0
"561",8818798,"lottery",6,0.4,1718.6,1285,0.214285714285714,9.33333333333333,0.4,15,0,0
"562",8818805,"competition",5,0.333333333333333,4068.77866666885,3901.34600000596,0.0714285714285714,9.19371727748691,0.333333333333333,15,0,0
"563",8818805,"coordination",7,0.466666666666667,3942.79340000347,3028.36600000446,0.214285714285714,11.8286212914485,0.466666666666667,15,0,0
"564",8818805,"lottery",6,0.4,2138.85900000238,1896.21800000596,0.214285714285714,9.53333333333333,0.4,15,0,0
"565",8818955,"competition",7,0.466666666666667,4951.06666666667,5299,0.571428571428571,8.63595113438045,0.466666666666667,15,0,0
"566",8818955,"coordination",11,0.733333333333333,3365.06666666667,2572.00000000001,0.0714285714285714,11.9350785340314,0.733333333333333,15,0,0
"567",8818955,"lottery",15,1,2282.86666666667,2472,0,7.5,1,15,0,1
"568",8818956,"competition",5,0.333333333333333,1245.03900004768,1089.62500002384,0.5,8.69179755671902,0.333333333333333,15,0,0
"569",8818956,"coordination",6,0.4,1685.52966671593,1337.68400007152,0.357142857142857,10.1092495636998,0.4,15,0,0
"570",8818956,"lottery",9,0.6,4168.54573338578,3998.53700002385,0.5,8.23333333333333,0.6,15,0,0
"571",8818957,"competition",5,0.333333333333333,3822.2,2999,0.428571428571429,8.23560209424084,0.333333333333333,15,0,0
"572",8818957,"coordination",15,1,801.733333333333,734,0,9.59162303664921,1,15,0,1
"573",8818957,"lottery",6,0.4,1731.8,1280,0.0714285714285714,9.6,0.4,15,0,0
"574",8818961,"competition",2,0.133333333333333,2233.28679999841,1858.53599997616,0.285714285714286,8.08167539267016,0.133333333333333,15,0,0
"575",8818961,"coordination",14,0.933333333333333,1287.79666666349,996.564999952316,0.142857142857143,10.2317626527051,0.933333333333333,15,0,0
"576",8818961,"lottery",7,0.466666666666667,990.203466653951,656.640999952302,0.357142857142857,8.56666666666667,0.466666666666667,15,0,0
