"","sub","age.cat","flag.lottery","risk.lott","Gender","Age","mean_mars","version","pre_err","post_delta_ref","mars_age.cat","mars.mc","risk.lott.mc","pre_err.mc","post_delta_ref.mc","mars.gmc"
"1","7312338","Adolescents","1",13,"M",13,0.1875,"ver1",-22,-3,"Adolescents",-0.454436136489209,6.41778523489933,-16.8987993138937,-0.743676222596965,-0.350905261405261
"2","7312339","Adolescents","0",7,"M",12,0.733333333333333,"ver1",-2,10,"Adolescents",0.0913971968441238,0.417785234899329,3.10120068610635,12.256323777403,0.194928071928071
"3","7312340","Adolescents","0",7,"F",12,0.533333333333333,"ver1",-8,1,"Adolescents",-0.108602803155876,0.417785234899329,-2.89879931389365,3.25632377740304,-0.00507192807192847
"4","7312341","Adolescents","0",7,"M",12,0.25,"ver1",-6,-3,"Adolescents",-0.391936136489209,0.417785234899329,-0.898799313893654,-0.743676222596965,-0.288405261405261
"5","7312343","Adolescents","1",9,"M",12,0.3125,"ver1",-18,0,"Adolescents",-0.329436136489209,2.41778523489933,-12.8987993138937,2.25632377740304,-0.225905261405261
"6","7312344","Adolescents","0",6,"M",12,0.4375,"ver1",-6,-7,"Adolescents",-0.204436136489209,-0.582214765100671,-0.898799313893654,-4.74367622259696,-0.100905261405261
"7","7312345","Adolescents","0",5,"M",12,0.928571428571429,"ver1",-1,-4,"Adolescents",0.28663529208222,-1.58221476510067,4.10120068610635,-1.74367622259696,0.390166167166168
"8","7312346","Adolescents","0",5,"M",13,NA,"ver1",-6,-2,"Adolescents",NA,-1.58221476510067,-0.898799313893654,0.256323777403035,NA
"9","7312347","Adolescents","0",9,"F",13,0.466666666666667,"ver1",-1,2,"Adolescents",-0.175269469822542,2.41778523489933,4.10120068610635,4.25632377740304,-0.0717385947385945
"10","7312348","Adolescents","0",10,"F",12,NA,"ver1",0,-20,"Adolescents",NA,3.41778523489933,5.10120068610635,-17.743676222597,NA
"11","7312349","Adolescents","0",5,"F",12,0.466666666666667,"ver1",-10,0,"Adolescents",-0.175269469822542,-1.58221476510067,-4.89879931389365,2.25632377740304,-0.0717385947385945
"12","7312350","Adolescents","0",8,"F",12,0.375,"ver1",-3,1,"Adolescents",-0.266936136489209,1.41778523489933,2.10120068610635,3.25632377740304,-0.163405261405261
"13","7312351","Adolescents","1",1,"F",12,0.8,"ver1",-6,0,"Adolescents",0.158063863510791,-5.58221476510067,-0.898799313893654,2.25632377740304,0.261594738594739
"14","7312353","Adolescents","0",5,"F",12,0.0625,"ver1",0,0,"Adolescents",-0.579436136489209,-1.58221476510067,5.10120068610635,2.25632377740304,-0.475905261405261
"15","7312354","Adolescents","1",5,"F",12,0.25,"ver1",-13,3,"Adolescents",-0.391936136489209,-1.58221476510067,-7.89879931389365,5.25632377740304,-0.288405261405261
"16","7312355","Adolescents","0",11,"M",13,0.3125,"ver1",-26,0,"Adolescents",-0.329436136489209,4.41778523489933,-20.8987993138937,2.25632377740304,-0.225905261405261
"17","7312356","Adolescents","0",8,"M",14,NA,"ver1",-36,-2,"Adolescents",NA,1.41778523489933,-30.8987993138937,0.256323777403035,NA
"18","7312357","Adolescents","0",11,"F",12,0.923076923076923,"ver1",-7,2,"Adolescents",0.281140786587714,4.41778523489933,-1.89879931389365,4.25632377740304,0.384671661671662
"19","7312358","Adolescents","0",6,"F",12,NA,"ver1",0,-5,"Adolescents",NA,-0.582214765100671,5.10120068610635,-2.74367622259696,NA
"20","7312366","Adolescents","0",7,"F",12,0.866666666666667,"ver1",-2,4,"Adolescents",0.224730530177458,0.417785234899329,3.10120068610635,6.25632377740304,0.328261405261406
"21","7312367","Adolescents","0",6,"M",13,0.5625,"ver1",-2,-6,"Adolescents",-0.0794361364892091,-0.582214765100671,3.10120068610635,-3.74367622259696,0.0240947385947385
"22","7312430","Adolescents","0",6,"M",12,0.5,"ver1",-2,-9,"Adolescents",-0.141936136489209,-0.582214765100671,3.10120068610635,-6.74367622259696,-0.0384052614052615
"23","7312431","Adolescents","0",9,"M",12,0.5625,"ver1",-1,-8,"Adolescents",-0.0794361364892091,2.41778523489933,4.10120068610635,-5.74367622259696,0.0240947385947385
"24","7312432","Adolescents","0",7,"F",12,0.666666666666667,"ver1",-4,-7,"Adolescents",0.0247305301774579,0.417785234899329,1.10120068610635,-4.74367622259696,0.128261405261406
"25","7312433","Adolescents","1",5,"F",13,0.1875,"ver1",-8,-10,"Adolescents",-0.454436136489209,-1.58221476510067,-2.89879931389365,-7.74367622259696,-0.350905261405261
"26","7312434","Adolescents","0",5,"M",13,0.8,"ver1",-8,-12,"Adolescents",0.158063863510791,-1.58221476510067,-2.89879931389365,-9.74367622259696,0.261594738594739
"27","7312435","Adolescents","0",4,"F",13,0.3125,"ver1",-10,6,"Adolescents",-0.329436136489209,-2.58221476510067,-4.89879931389365,8.25632377740304,-0.225905261405261
"28","7312436","Adolescents","1",6,"F",13,0.25,"ver1",-11,0,"Adolescents",-0.391936136489209,-0.582214765100671,-5.89879931389365,2.25632377740304,-0.288405261405261
"29","7312437","Adolescents","0",6,"F",13,0.1875,"ver1",-8,0,"Adolescents",-0.454436136489209,-0.582214765100671,-2.89879931389365,2.25632377740304,-0.350905261405261
"30","7312438","Adolescents","0",4,"M",12,0.6,"ver1",-3,-14,"Adolescents",-0.0419361364892091,-2.58221476510067,2.10120068610635,-11.743676222597,0.0615947385947385
"31","7312439","Adolescents","1",12,"F",13,0.3125,"ver1",-21,-2,"Adolescents",-0.329436136489209,5.41778523489933,-15.8987993138937,0.256323777403035,-0.225905261405261
"32","7312440","Adolescents","0",3,"M",13,0.625,"ver1",-4,-8,"Adolescents",-0.0169361364892091,-3.58221476510067,1.10120068610635,-5.74367622259696,0.0865947385947385
"33","7312441","Adolescents","0",9,"M",12,NA,"ver1",0,-3,"Adolescents",NA,2.41778523489933,5.10120068610635,-0.743676222596965,NA
"34","7312442","Adolescents","1",7,"F",12,0.3125,"ver1",-6,-5,"Adolescents",-0.329436136489209,0.417785234899329,-0.898799313893654,-2.74367622259696,-0.225905261405261
"35","7312443","Adolescents","0",6,"F",12,0.533333333333333,"ver1",-4,-11,"Adolescents",-0.108602803155876,-0.582214765100671,1.10120068610635,-8.74367622259696,-0.00507192807192847
"36","7312444","Adolescents","0",7,"M",13,0.3125,"ver1",-17,0,"Adolescents",-0.329436136489209,0.417785234899329,-11.8987993138937,2.25632377740304,-0.225905261405261
"37","7312445","Adolescents","0",2,"F",12,0.5,"ver1",-1,0,"Adolescents",-0.141936136489209,-4.58221476510067,4.10120068610635,2.25632377740304,-0.0384052614052615
"38","7312446","Adolescents","0",4,"M",12,0.266666666666667,"ver1",-1,-5,"Adolescents",-0.375269469822542,-2.58221476510067,4.10120068610635,-2.74367622259696,-0.271738594738594
"39","7312449","Adolescents","0",10,"M",12,0.5,"ver1",-7,5,"Adolescents",-0.141936136489209,3.41778523489933,-1.89879931389365,7.25632377740304,-0.0384052614052615
"40","7312450","Adolescents","0",12,"M",13,0.625,"ver1",-21,-20,"Adolescents",-0.0169361364892091,5.41778523489933,-15.8987993138937,-17.743676222597,0.0865947385947385
"41","7312454","Adolescents","0",8,"M",13,0.3125,"ver1",-1,-10,"Adolescents",-0.329436136489209,1.41778523489933,4.10120068610635,-7.74367622259696,-0.225905261405261
"42","7312607","Children","1",7,"F",11,0.5,"ver1",-1,-5,"Children",-0.141936136489209,0.417785234899329,4.10120068610635,-2.74367622259696,0.0790769085411943
"43","7312608","Children","0",4,"M",11,0.75,"ver1",-6,3,"Children",0.108063863510791,-2.58221476510067,-0.898799313893654,5.25632377740304,0.329076908541194
"44","7312612","Adolescents","0",5,"F",12,0.454545454545455,"ver1",0,-8,"Adolescents",-0.187390681943754,-1.58221476510067,5.10120068610635,-5.74367622259696,-0.0838598068598065
"45","7312613","Children","0",7,"M",11,0.533333333333333,"ver1",-7,3,"Children",-0.108602803155876,0.417785234899329,-1.89879931389365,5.25632377740304,0.112410241874527
"46","7312614","Children","0",10,"F",11,NA,"ver1",-20,4,"Children",NA,3.41778523489933,-14.8987993138937,6.25632377740304,NA
"47","7312615","Adolescents","0",12,"M",12,0.3125,"ver1",0,NA,"Adolescents",-0.329436136489209,5.41778523489933,5.10120068610635,NA,-0.225905261405261
"48","7312616","Children","0",11,"M",11,NA,"ver1",-16,-4,"Children",NA,4.41778523489933,-10.8987993138937,-1.74367622259696,NA
"49","7312617","Adolescents","1",6,"F",12,0.1875,"ver1",-35,-3,"Adolescents",-0.454436136489209,-0.582214765100671,-29.8987993138937,-0.743676222596965,-0.350905261405261
"50","7312618","Adolescents","0",4,"F",12,0.6875,"ver1",-7,5,"Adolescents",0.0455638635107909,-2.58221476510067,-1.89879931389365,7.25632377740304,0.149094738594739
"51","7312619","Adolescents","0",6,"M",12,0.857142857142857,"ver1",-12,2,"Adolescents",0.215206720653648,-0.582214765100671,-6.89879931389365,4.25632377740304,0.318737595737596
"52","7312620","Children","0",4,"F",11,NA,"ver1",-22,9,"Children",NA,-2.58221476510067,-16.8987993138937,11.256323777403,NA
"53","7312621","Adolescents","0",3,"F",12,0.3125,"ver1",-10,5,"Adolescents",-0.329436136489209,-3.58221476510067,-4.89879931389365,7.25632377740304,-0.225905261405261
"54","7312623","Children","0",12,"M",11,0.4375,"ver1",-11,0,"Children",-0.204436136489209,5.41778523489933,-5.89879931389365,2.25632377740304,0.0165769085411943
"55","7312624","Children","0",7,"F",11,NA,"ver1",-3,6,"Children",NA,0.417785234899329,2.10120068610635,8.25632377740304,NA
"56","7312625","Adolescents","0",6,"M",12,0.6875,"ver1",-1,2,"Adolescents",0.0455638635107909,-0.582214765100671,4.10120068610635,4.25632377740304,0.149094738594739
"57","7312626","Adolescents","0",1,"M",13,0.25,"ver1",-19,0,"Adolescents",-0.391936136489209,-5.58221476510067,-13.8987993138937,2.25632377740304,-0.288405261405261
"58","7312627","Children","0",8,"F",11,0.375,"ver1",-7,-13,"Children",-0.266936136489209,1.41778523489933,-1.89879931389365,-10.743676222597,-0.0459230914588057
"59","7312628","Adolescents","0",8,"M",12,0.1875,"ver1",-21,0,"Adolescents",-0.454436136489209,1.41778523489933,-15.8987993138937,2.25632377740304,-0.350905261405261
"60","7312629","Children","0",11,"M",11,0.133333333333333,"ver1",-4,-9,"Children",-0.508602803155876,4.41778523489933,1.10120068610635,-6.74367622259696,-0.287589758125473
"61","7312658","Children","0",6,"M",11,0.875,"ver1",-2,-8,"Children",0.233063863510791,-0.582214765100671,3.10120068610635,-5.74367622259696,0.454076908541194
"62","7312665","Children","0",9,"F",11,0.6875,"ver1",-1,-3,"Children",0.0455638635107909,2.41778523489933,4.10120068610635,-0.743676222596965,0.266576908541194
"63","7312667","Adolescents","0",9,"M",13,0.6,"ver1",0,7,"Adolescents",-0.0419361364892091,2.41778523489933,5.10120068610635,9.25632377740304,0.0615947385947385
"64","7312776","Children","1",5,"M",11,0.125,"ver1",-18,2,"Children",-0.516936136489209,-1.58221476510067,-12.8987993138937,4.25632377740304,-0.295923091458806
"65","7312947","Adolescents","1",0,"F",12,NA,"ver1",-24,-2,"Adolescents",NA,-6.58221476510067,-18.8987993138937,0.256323777403035,NA
"66","7312948","Children","1",7,"M",11,0.375,"ver1",-6,0,"Children",-0.266936136489209,0.417785234899329,-0.898799313893654,2.25632377740304,-0.0459230914588057
"67","7312949","Children","1",4,"F",11,NA,"ver1",-6,-4,"Children",NA,-2.58221476510067,-0.898799313893654,-1.74367622259696,NA
"68","7312952","Children","0",6,"M",11,0.5625,"ver1",-6,-7,"Children",-0.0794361364892091,-0.582214765100671,-0.898799313893654,-4.74367622259696,0.141576908541194
"69","7312953","Children","1",7,"F",11,0.375,"ver1",-10,9,"Children",-0.266936136489209,0.417785234899329,-4.89879931389365,11.256323777403,-0.0459230914588057
"70","7312954","Adolescents","1",0,"F",12,0.25,"ver1",-8,5,"Adolescents",-0.391936136489209,-6.58221476510067,-2.89879931389365,7.25632377740304,-0.288405261405261
"71","7312955","Adolescents","0",9,"M",13,0.25,"ver1",-26,-10,"Adolescents",-0.391936136489209,2.41778523489933,-20.8987993138937,-7.74367622259696,-0.288405261405261
"72","7312956","Children","0",5,"M",11,0.4375,"ver1",-29,-10,"Children",-0.204436136489209,-1.58221476510067,-23.8987993138937,-7.74367622259696,0.0165769085411943
"73","7312957","Children","1",8,"M",11,0.8125,"ver1",-31,-10,"Children",0.170563863510791,1.41778523489933,-25.8987993138937,-7.74367622259696,0.391576908541194
"74","7312958","Children","0",7,"M",11,0.125,"ver1",0,0,"Children",-0.516936136489209,0.417785234899329,5.10120068610635,2.25632377740304,-0.295923091458806
"75","7312959","Adolescents","0",10,"M",12,NA,"ver1",-25,-10,"Adolescents",NA,3.41778523489933,-19.8987993138937,-7.74367622259696,NA
"76","7312960","Children","1",3,"M",11,0.1875,"ver1",-3,5,"Children",-0.454436136489209,-3.58221476510067,2.10120068610635,7.25632377740304,-0.233423091458806
"77","7312961","Adolescents","1",0,"F",12,0.1875,"ver1",-3,5,"Adolescents",-0.454436136489209,-6.58221476510067,2.10120068610635,7.25632377740304,-0.350905261405261
"78","7312962","Children","0",5,"M",11,0.75,"ver1",-1,8,"Children",0.108063863510791,-1.58221476510067,4.10120068610635,10.256323777403,0.329076908541194
"79","7312963","Children","0",5,"F",11,0.75,"ver1",-2,-3,"Children",0.108063863510791,-1.58221476510067,3.10120068610635,-0.743676222596965,0.329076908541194
"80","7312964","Children","1",8,"F",11,0.75,"ver1",-2,-12,"Children",0.108063863510791,1.41778523489933,3.10120068610635,-9.74367622259696,0.329076908541194
"81","7312965","Adolescents","1",9,"M",12,0.25,"ver1",-6,0,"Adolescents",-0.391936136489209,2.41778523489933,-0.898799313893654,2.25632377740304,-0.288405261405261
"82","7312966","Adolescents","0",8,"F",12,NA,"ver1",-12,-6,"Adolescents",NA,1.41778523489933,-6.89879931389365,-3.74367622259696,NA
"83","7312967","Children","0",7,"M",11,NA,"ver1",-2,5,"Children",NA,0.417785234899329,3.10120068610635,7.25632377740304,NA
"84","7312968","Children","0",4,"F",11,0.5,"ver1",0,-2,"Children",-0.141936136489209,-2.58221476510067,5.10120068610635,0.256323777403035,0.0790769085411943
"85","7312969","Adolescents","0",11,"M",12,0.1875,"ver1",-4,0,"Adolescents",-0.454436136489209,4.41778523489933,1.10120068610635,2.25632377740304,-0.350905261405261
"86","7312970","Adolescents","0",6,"F",12,NA,"ver1",-3,-19,"Adolescents",NA,-0.582214765100671,2.10120068610635,-16.743676222597,NA
"87","7312998","Adolescents","0",6,"M",12,0.1875,"ver1",-17,3,"Adolescents",-0.454436136489209,-0.582214765100671,-11.8987993138937,5.25632377740304,-0.350905261405261
"88","7313002","Children","1",2,"M",11,NA,"ver1",-5,-1,"Children",NA,-4.58221476510067,0.101200686106346,1.25632377740304,NA
"89","7313088","Children","0",3,"F",11,0.3125,"ver1",-4,8,"Children",-0.329436136489209,-3.58221476510067,1.10120068610635,10.256323777403,-0.108423091458806
"90","7313403","Adolescents","0",6,"F",14,0.25,"ver1",-8,-12,"Adolescents",-0.391936136489209,-0.582214765100671,-2.89879931389365,-9.74367622259696,-0.288405261405261
"91","7313404","Adolescents","0",6,"F",13,0.8,"ver1",0,-3,"Adolescents",0.158063863510791,-0.582214765100671,5.10120068610635,-0.743676222596965,0.261594738594739
"92","7313405","Adolescents","0",9,"M",13,1,"ver1",0,-8,"Adolescents",0.358063863510791,2.41778523489933,5.10120068610635,-5.74367622259696,0.461594738594739
"93","7313406","Adolescents","0",8,"M",13,0.461538461538462,"ver1",-4,-12,"Adolescents",-0.180397674950747,1.41778523489933,1.10120068610635,-9.74367622259696,-0.0768667998667995
"94","7313407","Adolescents","0",4,"M",13,0.0714285714285714,"ver1",-1,-1,"Adolescents",-0.570507565060638,-2.58221476510067,4.10120068610635,1.25632377740304,-0.46697668997669
"95","7313408","Adolescents","0",5,"F",13,0.25,"ver1",-5,6,"Adolescents",-0.391936136489209,-1.58221476510067,0.101200686106346,8.25632377740304,-0.288405261405261
"96","7313409","Adolescents","0",4,"F",14,0.625,"ver1",-10,0,"Adolescents",-0.0169361364892091,-2.58221476510067,-4.89879931389365,2.25632377740304,0.0865947385947385
"97","7313410","Adolescents","0",7,"M",13,0.9375,"ver1",-1,5,"Adolescents",0.295563863510791,0.417785234899329,4.10120068610635,7.25632377740304,0.399094738594739
"98","7313411","Adolescents","0",5,"F",13,NA,"ver1",-1,-20,"Adolescents",NA,-1.58221476510067,4.10120068610635,-17.743676222597,NA
"99","7313412","Adolescents","0",9,"F",13,0.75,"ver1",-3,-7,"Adolescents",0.108063863510791,2.41778523489933,2.10120068610635,-4.74367622259696,0.211594738594739
"100","7313413","Adolescents","0",4,"F",14,0.666666666666667,"ver1",-2,6,"Adolescents",0.0247305301774579,-2.58221476510067,3.10120068610635,8.25632377740304,0.128261405261406
"101","7313414","Adolescents","0",7,"F",13,0.625,"ver1",-8,-3,"Adolescents",-0.0169361364892091,0.417785234899329,-2.89879931389365,-0.743676222596965,0.0865947385947385
"102","7313415","Adolescents","0",6,"F",13,0.3125,"ver1",-4,-8,"Adolescents",-0.329436136489209,-0.582214765100671,1.10120068610635,-5.74367622259696,-0.225905261405261
"103","7313417","Adolescents","0",4,"F",13,NA,"ver1",-2,8,"Adolescents",NA,-2.58221476510067,3.10120068610635,10.256323777403,NA
"104","7313419","Adolescents","0",4,"F",13,0.666666666666667,"ver1",0,-14,"Adolescents",0.0247305301774579,-2.58221476510067,5.10120068610635,-11.743676222597,0.128261405261406
"105","7313420","Adolescents","1",9,"M",13,0.25,"ver1",-11,-5,"Adolescents",-0.391936136489209,2.41778523489933,-5.89879931389365,-2.74367622259696,-0.288405261405261
"106","7313421","Adolescents","0",4,"M",13,0.3125,"ver1",-6,0,"Adolescents",-0.329436136489209,-2.58221476510067,-0.898799313893654,2.25632377740304,-0.225905261405261
"107","7313422","Adolescents","0",5,"M",13,0.866666666666667,"ver1",-4,-20,"Adolescents",0.224730530177458,-1.58221476510067,1.10120068610635,-17.743676222597,0.328261405261406
"108","7313423","Adolescents","0",8,"F",13,0.571428571428571,"ver1",-8,0,"Adolescents",-0.0705075650606382,1.41778523489933,-2.89879931389365,2.25632377740304,0.0330233100233095
"109","7313425","Adolescents","1",4,"M",13,0.3125,"ver1",-11,-11,"Adolescents",-0.329436136489209,-2.58221476510067,-5.89879931389365,-8.74367622259696,-0.225905261405261
"110","7313826","Adolescents","0",6,"M",14,0.928571428571429,"ver1",-10,-18,"Adolescents",0.28663529208222,-0.582214765100671,-4.89879931389365,-15.743676222597,0.390166167166168
"111","7313827","Adolescents","0",5,"F",13,0.75,"ver1",-2,-3,"Adolescents",0.108063863510791,-1.58221476510067,3.10120068610635,-0.743676222596965,0.211594738594739
"112","7313828","Adolescents","0",9,"F",13,1,"ver1",-4,4,"Adolescents",0.358063863510791,2.41778523489933,1.10120068610635,6.25632377740304,0.461594738594739
"113","7313829","Adolescents","1",5,"F",13,0.666666666666667,"ver1",-17,-8,"Adolescents",0.0247305301774579,-1.58221476510067,-11.8987993138937,-5.74367622259696,0.128261405261406
"114","7313830","Adolescents","0",7,"M",14,0.666666666666667,"ver1",-5,-4,"Adolescents",0.0247305301774579,0.417785234899329,0.101200686106346,-1.74367622259696,0.128261405261406
"115","7313831","Adolescents","0",11,"F",14,0.8125,"ver1",-8,4,"Adolescents",0.170563863510791,4.41778523489933,-2.89879931389365,6.25632377740304,0.274094738594739
"116","7313832","Adolescents","0",6,"M",13,0.733333333333333,"ver1",-2,2,"Adolescents",0.0913971968441238,-0.582214765100671,3.10120068610635,4.25632377740304,0.194928071928071
"117","7313833","Adolescents","0",7,"F",14,0.9375,"ver1",0,-14,"Adolescents",0.295563863510791,0.417785234899329,5.10120068610635,-11.743676222597,0.399094738594739
"118","7313834","Adolescents","0",3,"F",14,0.625,"ver1",-14,-20,"Adolescents",-0.0169361364892091,-3.58221476510067,-8.89879931389365,-17.743676222597,0.0865947385947385
"119","7313835","Adolescents","0",7,"M",13,0.818181818181818,"ver1",-3,-16,"Adolescents",0.176245681692609,0.417785234899329,2.10120068610635,-13.743676222597,0.279776556776557
"120","7313836","Adolescents","0",5,"M",13,0.9375,"ver1",-3,0,"Adolescents",0.295563863510791,-1.58221476510067,2.10120068610635,2.25632377740304,0.399094738594739
"121","7313837","Adolescents","0",3,"F",13,0.3125,"ver1",-13,-16,"Adolescents",-0.329436136489209,-3.58221476510067,-7.89879931389365,-13.743676222597,-0.225905261405261
"122","7313838","Adolescents","0",6,"M",14,1,"ver1",0,-6,"Adolescents",0.358063863510791,-0.582214765100671,5.10120068610635,-3.74367622259696,0.461594738594739
"123","7313839","Adolescents","1",13,"F",13,0.6875,"ver1",-2,0,"Adolescents",0.0455638635107909,6.41778523489933,3.10120068610635,2.25632377740304,0.149094738594739
"124","7313840","Adolescents","1",0,"M",14,0.933333333333333,"ver1",-4,-20,"Adolescents",0.291397196844124,-6.58221476510067,1.10120068610635,-17.743676222597,0.394928071928072
"125","7313841","Adolescents","0",4,"F",13,NA,"ver1",-10,-2,"Adolescents",NA,-2.58221476510067,-4.89879931389365,0.256323777403035,NA
"126","7313843","Adolescents","0",5,"F",14,0.666666666666667,"ver1",-12,-5,"Adolescents",0.0247305301774579,-1.58221476510067,-6.89879931389365,-2.74367622259696,0.128261405261406
"127","7313844","Adolescents","0",8,"F",13,NA,"ver1",-21,13,"Adolescents",NA,1.41778523489933,-15.8987993138937,15.256323777403,NA
"128","7313845","Adolescents","0",14,"F",14,0.4375,"ver1",-16,0,"Adolescents",-0.204436136489209,7.41778523489933,-10.8987993138937,2.25632377740304,-0.100905261405261
"129","7313865","Adolescents","0",7,"M",14,0.5,"ver1",-6,0,"Adolescents",-0.141936136489209,0.417785234899329,-0.898799313893654,2.25632377740304,-0.0384052614052615
"130","7321742","Children","0",8,"M",11,0.0625,"ver1",-20,3,"Children",-0.579436136489209,1.41778523489933,-14.8987993138937,5.25632377740304,-0.358423091458806
"131","7321744","Adolescents","0",7,"F",12,0.266666666666667,"ver1",-25,-6,"Adolescents",-0.375269469822542,0.417785234899329,-19.8987993138937,-3.74367622259696,-0.271738594738594
"132","7321747","Children","0",7,"M",11,0.3125,"ver1",-7,3,"Children",-0.329436136489209,0.417785234899329,-1.89879931389365,5.25632377740304,-0.108423091458806
"133","7321748","Children","0",9,"M",11,NA,"ver1",-4,1,"Children",NA,2.41778523489933,1.10120068610635,3.25632377740304,NA
"134","7321751","Children","0",11,"M",11,0.125,"ver1",-50,0,"Children",-0.516936136489209,4.41778523489933,-44.8987993138937,2.25632377740304,-0.295923091458806
"135","7321752","Adolescents","0",5,"M",12,0.25,"ver1",-21,0,"Adolescents",-0.391936136489209,-1.58221476510067,-15.8987993138937,2.25632377740304,-0.288405261405261
"136","7321753","Adolescents","0",5,"F",12,0.125,"ver1",-33,0,"Adolescents",-0.516936136489209,-1.58221476510067,-27.8987993138937,2.25632377740304,-0.413405261405261
"137","7321755","Adolescents","0",4,"M",12,0.125,"ver1",-4,2,"Adolescents",-0.516936136489209,-2.58221476510067,1.10120068610635,4.25632377740304,-0.413405261405261
"138","7321756","Children","0",6,"M",11,0.6,"ver1",-6,0,"Children",-0.0419361364892091,-0.582214765100671,-0.898799313893654,2.25632377740304,0.179076908541194
"139","7321758","Adolescents","1",7,"M",12,0.125,"ver1",-2,-2,"Adolescents",-0.516936136489209,0.417785234899329,3.10120068610635,0.256323777403035,-0.413405261405261
"140","7321760","Children","0",5,"M",11,0.3125,"ver1",-19,0,"Children",-0.329436136489209,-1.58221476510067,-13.8987993138937,2.25632377740304,-0.108423091458806
"141","7321766","Children","1",8,"M",11,0.3125,"ver1",-21,-6,"Children",-0.329436136489209,1.41778523489933,-15.8987993138937,-3.74367622259696,-0.108423091458806
"142","7321771","Adolescents","0",5,"M",12,0.933333333333333,"ver1",-5,3,"Adolescents",0.291397196844124,-1.58221476510067,0.101200686106346,5.25632377740304,0.394928071928072
"143","7321773","Children","1",8,"F",11,0.25,"ver1",-31,0,"Children",-0.391936136489209,1.41778523489933,-25.8987993138937,2.25632377740304,-0.170923091458806
"144","7321779","Children","0",12,"M",10,0.5,"ver1",-5,12,"Children",-0.141936136489209,5.41778523489933,0.101200686106346,14.256323777403,0.0790769085411943
"145","7321784","Children","0",4,"F",11,0.25,"ver1",-5,-13,"Children",-0.391936136489209,-2.58221476510067,0.101200686106346,-10.743676222597,-0.170923091458806
"146","7321786","Adolescents","0",2,"M",12,0.125,"ver1",-2,NA,"Adolescents",-0.516936136489209,-4.58221476510067,3.10120068610635,NA,-0.413405261405261
"147","7321788","Children","0",9,"M",11,0.3125,"ver1",-23,0,"Children",-0.329436136489209,2.41778523489933,-17.8987993138937,2.25632377740304,-0.108423091458806
"148","7321801","Children","0",3,"M",11,0.25,"ver1",-27,-1,"Children",-0.391936136489209,-3.58221476510067,-21.8987993138937,1.25632377740304,-0.170923091458806
"149","7321842","Children","0",6,"F",11,0.625,"ver1",-13,0,"Children",-0.0169361364892091,-0.582214765100671,-7.89879931389365,2.25632377740304,0.204076908541194
"150","7321845","Children","0",6,"F",11,0.642857142857143,"ver1",-9,NA,"Children",0.000921006367933908,-0.582214765100671,-3.89879931389365,NA,0.221934051398337
"151","7321853","Adolescents","0",3,"M",12,0.375,"ver1",-13,-1,"Adolescents",-0.266936136489209,-3.58221476510067,-7.89879931389365,1.25632377740304,-0.163405261405261
"152","7321883","Adolescents","0",1,"M",12,0.866666666666667,"ver1",-11,-20,"Adolescents",0.224730530177458,-5.58221476510067,-5.89879931389365,-17.743676222597,0.328261405261406
"153","7321884","Adolescents","0",7,"M",13,NA,"ver1",-12,-18,"Adolescents",NA,0.417785234899329,-6.89879931389365,-15.743676222597,NA
"154","7321885","Adolescents","0",4,"F",13,0.625,"ver1",-9,-3,"Adolescents",-0.0169361364892091,-2.58221476510067,-3.89879931389365,-0.743676222596965,0.0865947385947385
"155","7321886","Adolescents","0",5,"F",12,0.25,"ver1",-28,0,"Adolescents",-0.391936136489209,-1.58221476510067,-22.8987993138937,2.25632377740304,-0.288405261405261
"156","7321887","Adolescents","1",7,"F",12,NA,"ver1",-11,-1,"Adolescents",NA,0.417785234899329,-5.89879931389365,1.25632377740304,NA
"157","7321888","Adolescents","1",0,"F",12,0.333333333333333,"ver1",-6,4,"Adolescents",-0.308602803155876,-6.58221476510067,-0.898799313893654,6.25632377740304,-0.205071928071928
"158","7321889","Adolescents","0",7,"M",12,0.4,"ver1",-9,-1,"Adolescents",-0.241936136489209,0.417785234899329,-3.89879931389365,1.25632377740304,-0.138405261405261
"159","7321890","Adolescents","0",6,"M",13,NA,"ver1",-9,-4,"Adolescents",NA,-0.582214765100671,-3.89879931389365,-1.74367622259696,NA
"160","7321891","Adolescents","0",2,"M",13,0.8125,"ver1",-6,-6,"Adolescents",0.170563863510791,-4.58221476510067,-0.898799313893654,-3.74367622259696,0.274094738594739
"161","7321892","Adolescents","0",5,"M",12,0.6875,"ver1",-19,-13,"Adolescents",0.0455638635107909,-1.58221476510067,-13.8987993138937,-10.743676222597,0.149094738594739
"162","7321893","Adolescents","0",3,"M",12,NA,"ver1",-7,0,"Adolescents",NA,-3.58221476510067,-1.89879931389365,2.25632377740304,NA
"163","7321894","Adolescents","0",3,"F",12,0.9375,"ver1",-2,-6,"Adolescents",0.295563863510791,-3.58221476510067,3.10120068610635,-3.74367622259696,0.399094738594739
"164","7321895","Adolescents","0",6,"M",15,0.866666666666667,"ver1",-13,1,"Adolescents",0.224730530177458,-0.582214765100671,-7.89879931389365,3.25632377740304,0.328261405261406
"165","7321896","Adolescents","0",4,"M",12,1,"ver1",0,-3,"Adolescents",0.358063863510791,-2.58221476510067,5.10120068610635,-0.743676222596965,0.461594738594739
"166","7321897","Adolescents","0",8,"F",13,0.4375,"ver1",-21,0,"Adolescents",-0.204436136489209,1.41778523489933,-15.8987993138937,2.25632377740304,-0.100905261405261
"167","7322021","Adolescents","0",4,"F",13,NA,"ver1",-15,8,"Adolescents",NA,-2.58221476510067,-9.89879931389365,10.256323777403,NA
"168","7322022","Adolescents","0",6,"F",14,NA,"ver1",-15,-13,"Adolescents",NA,-0.582214765100671,-9.89879931389365,-10.743676222597,NA
"169","7322023","Adolescents","0",6,"M",13,0.733333333333333,"ver1",-15,1,"Adolescents",0.0913971968441238,-0.582214765100671,-9.89879931389365,3.25632377740304,0.194928071928071
"170","7322024","Adolescents","0",5,"M",15,0.571428571428571,"ver1",-25,4,"Adolescents",-0.0705075650606382,-1.58221476510067,-19.8987993138937,6.25632377740304,0.0330233100233095
"171","7322025","Adolescents","0",9,"M",14,0.625,"ver1",-17,1,"Adolescents",-0.0169361364892091,2.41778523489933,-11.8987993138937,3.25632377740304,0.0865947385947385
"172","7322026","Adolescents","0",9,"F",13,0.3125,"ver1",-12,7,"Adolescents",-0.329436136489209,2.41778523489933,-6.89879931389365,9.25632377740304,-0.225905261405261
"173","7322028","Adolescents","0",7,"F",13,0.875,"ver1",-5,-4,"Adolescents",0.233063863510791,0.417785234899329,0.101200686106346,-1.74367622259696,0.336594738594739
"174","7322029","Adolescents","0",9,"M",14,0.75,"ver1",-5,-9,"Adolescents",0.108063863510791,2.41778523489933,0.101200686106346,-6.74367622259696,0.211594738594739
"175","7322030","Adolescents","0",7,"M",13,NA,"ver1",-5,6,"Adolescents",NA,0.417785234899329,0.101200686106346,8.25632377740304,NA
"176","7322031","Adolescents","1",8,"F",13,0.533333333333333,"ver1",-5,4,"Adolescents",-0.108602803155876,1.41778523489933,0.101200686106346,6.25632377740304,-0.00507192807192847
"177","7322032","Adolescents","0",4,"M",14,NA,"ver1",-21,-8,"Adolescents",NA,-2.58221476510067,-15.8987993138937,-5.74367622259696,NA
"178","7322033","Adolescents","0",2,"F",13,0.625,"ver1",-5,-3,"Adolescents",-0.0169361364892091,-4.58221476510067,0.101200686106346,-0.743676222596965,0.0865947385947385
"179","7322034","Adolescents","0",6,"M",13,0.5625,"ver1",-9,-10,"Adolescents",-0.0794361364892091,-0.582214765100671,-3.89879931389365,-7.74367622259696,0.0240947385947385
"180","7322035","Adolescents","0",8,"M",14,0.75,"ver1",-4,2,"Adolescents",0.108063863510791,1.41778523489933,1.10120068610635,4.25632377740304,0.211594738594739
"181","7322036","Adolescents","0",5,"F",13,0.625,"ver1",-7,3,"Adolescents",-0.0169361364892091,-1.58221476510067,-1.89879931389365,5.25632377740304,0.0865947385947385
"182","7322037","Adolescents","1",8,"F",13,0.3125,"ver1",-21,-3,"Adolescents",-0.329436136489209,1.41778523489933,-15.8987993138937,-0.743676222596965,-0.225905261405261
"183","7322038","Adolescents","0",4,"M",14,0.923076923076923,"ver1",-3,-20,"Adolescents",0.281140786587714,-2.58221476510067,2.10120068610635,-17.743676222597,0.384671661671662
"184","7322039","Adolescents","0",11,"F",13,0.9375,"ver1",0,0,"Adolescents",0.295563863510791,4.41778523489933,5.10120068610635,2.25632377740304,0.399094738594739
"185","7322040","Adolescents","0",6,"M",14,0.933333333333333,"ver1",-5,-1,"Adolescents",0.291397196844124,-0.582214765100671,0.101200686106346,1.25632377740304,0.394928071928072
"186","7322041","Adolescents","0",7,"F",14,0.8,"ver1",-9,-4,"Adolescents",0.158063863510791,0.417785234899329,-3.89879931389365,-1.74367622259696,0.261594738594739
"187","7322042","Adolescents","0",4,"M",13,NA,"ver1",0,-2,"Adolescents",NA,-2.58221476510067,5.10120068610635,0.256323777403035,NA
"188","7322046","Adolescents","0",5,"M",14,0.5625,"ver1",-3,-4,"Adolescents",-0.0794361364892091,-1.58221476510067,2.10120068610635,-1.74367622259696,0.0240947385947385
"189","7322081","Adolescents","0",8,"M",13,0.5,"ver1",-3,-5,"Adolescents",-0.141936136489209,1.41778523489933,2.10120068610635,-2.74367622259696,-0.0384052614052615
"190","8616932","Adults","0",2,"F",25,0.875,"ver1",-1,-17,"Adults",0.233063863510791,-4.58221476510067,4.10120068610635,-14.743676222597,0.0230014631550944
"191","8623989","Adults","0",3,"F",20,0.9375,"ver1",-2,-20,"Adults",0.295563863510791,-3.58221476510067,3.10120068610635,-17.743676222597,0.0855014631550944
"192","8623990","Adults","0",8,"F",19,0.8125,"ver1",-3,8,"Adults",0.170563863510791,1.41778523489933,2.10120068610635,10.256323777403,-0.0394985368449056
"193","8623991","Adults","0",4,"F",20,0.9375,"ver1",0,-2,"Adults",0.295563863510791,-2.58221476510067,5.10120068610635,0.256323777403035,0.0855014631550944
"194","8623992","Adults","0",8,"F",19,1,"ver1",-2,-7,"Adults",0.358063863510791,1.41778523489933,3.10120068610635,-4.74367622259696,0.148001463155094
"195","8623993","Adults","0",7,"M",19,1,"ver1",0,0,"Adults",0.358063863510791,0.417785234899329,5.10120068610635,2.25632377740304,0.148001463155094
"196","8623995","Adults","0",9,"F",19,0.625,"ver1",0,2,"Adults",-0.0169361364892091,2.41778523489933,5.10120068610635,4.25632377740304,-0.226998536844906
"197","8623996","Adults","0",6,"F",19,0.733333333333333,"ver1",-1,4,"Adults",0.0913971968441238,-0.582214765100671,4.10120068610635,6.25632377740304,-0.118665203511573
"198","8623997","Adults","0",8,"F",20,1,"ver1",-4,2,"Adults",0.358063863510791,1.41778523489933,1.10120068610635,4.25632377740304,0.148001463155094
"199","8623998","Adults","0",5,"M",19,0.9375,"ver1",-1,8,"Adults",0.295563863510791,-1.58221476510067,4.10120068610635,10.256323777403,0.0855014631550944
"200","8623999","Adults","0",8,"F",20,0.8125,"ver1",-11,2,"Adults",0.170563863510791,1.41778523489933,-5.89879931389365,4.25632377740304,-0.0394985368449056
"201","8624000","Adults","0",5,"F",20,0.75,"ver1",-1,-7,"Adults",0.108063863510791,-1.58221476510067,4.10120068610635,-4.74367622259696,-0.101998536844906
"202","8624001","Adults","0",4,"F",19,0.9375,"ver1",-3,-5,"Adults",0.295563863510791,-2.58221476510067,2.10120068610635,-2.74367622259696,0.0855014631550944
"203","8624002","Adults","0",1,"M",24,0.933333333333333,"ver1",-11,-10,"Adults",0.291397196844124,-5.58221476510067,-5.89879931389365,-7.74367622259696,0.0813347964884275
"204","8624003","Adults","0",5,"F",20,0.9375,"ver1",0,-1,"Adults",0.295563863510791,-1.58221476510067,5.10120068610635,1.25632377740304,0.0855014631550944
"205","8624004","Adults","0",2,"F",19,1,"ver1",-1,0,"Adults",0.358063863510791,-4.58221476510067,4.10120068610635,2.25632377740304,0.148001463155094
"206","8624005","Adults","0",6,"M",20,1,"ver1",-1,-4,"Adults",0.358063863510791,-0.582214765100671,4.10120068610635,-1.74367622259696,0.148001463155094
"207","8624006","Adults","0",5,"F",19,1,"ver1",0,-11,"Adults",0.358063863510791,-1.58221476510067,5.10120068610635,-8.74367622259696,0.148001463155094
"208","8624007","Adults","0",1,"F",19,0.8125,"ver1",-15,-10,"Adults",0.170563863510791,-5.58221476510067,-9.89879931389365,-7.74367622259696,-0.0394985368449056
"209","8624008","Adults","0",10,"M",19,1,"ver1",-2,6,"Adults",0.358063863510791,3.41778523489933,3.10120068610635,8.25632377740304,0.148001463155094
"210","8624009","Adults","0",4,"F",19,0.9375,"ver1",-9,0,"Adults",0.295563863510791,-2.58221476510067,-3.89879931389365,2.25632377740304,0.0855014631550944
"211","8624010","Adults","0",6,"F",19,0.9375,"ver1",-2,0,"Adults",0.295563863510791,-0.582214765100671,3.10120068610635,2.25632377740304,0.0855014631550944
"212","8624011","Adults","0",1,"F",20,0.625,"ver1",-2,-6,"Adults",-0.0169361364892091,-5.58221476510067,3.10120068610635,-3.74367622259696,-0.226998536844906
"213","8624012","Adults","0",6,"F",19,0.9375,"ver1",0,-2,"Adults",0.295563863510791,-0.582214765100671,5.10120068610635,0.256323777403035,0.0855014631550944
"214","8624013","Adults","0",7,"F",19,0.75,"ver1",0,1,"Adults",0.108063863510791,0.417785234899329,5.10120068610635,3.25632377740304,-0.101998536844906
"215","8624014","Adults","0",9,"F",20,0.75,"ver1",0,-13,"Adults",0.108063863510791,2.41778523489933,5.10120068610635,-10.743676222597,-0.101998536844906
"216","8624015","Adults","0",7,"F",20,0.625,"ver1",-2,-14,"Adults",-0.0169361364892091,0.417785234899329,3.10120068610635,-11.743676222597,-0.226998536844906
"217","8624016","Adults","0",6,"F",19,1,"ver1",0,-16,"Adults",0.358063863510791,-0.582214765100671,5.10120068610635,-13.743676222597,0.148001463155094
"218","8624017","Adults","0",10,"F",20,1,"ver1",-1,10,"Adults",0.358063863510791,3.41778523489933,4.10120068610635,12.256323777403,0.148001463155094
"219","8624018","Adults","0",3,"F",21,0.8125,"ver1",0,-4,"Adults",0.170563863510791,-3.58221476510067,5.10120068610635,-1.74367622259696,-0.0394985368449056
"220","8624019","Adults","0",7,"F",24,1,"ver1",-1,-1,"Adults",0.358063863510791,0.417785234899329,4.10120068610635,1.25632377740304,0.148001463155094
"221","8624020","Adults","0",7,"F",19,1,"ver1",0,-6,"Adults",0.358063863510791,0.417785234899329,5.10120068610635,-3.74367622259696,0.148001463155094
"222","8624021","Adults","0",8,"F",19,0.8125,"ver1",-5,12,"Adults",0.170563863510791,1.41778523489933,0.101200686106346,14.256323777403,-0.0394985368449056
"223","8624022","Adults","0",6,"F",21,0.733333333333333,"ver1",0,2,"Adults",0.0913971968441238,-0.582214765100671,5.10120068610635,4.25632377740304,-0.118665203511573
"224","8624023","Adults","0",6,"F",21,0.375,"ver1",-1,-3,"Adults",-0.266936136489209,-0.582214765100671,4.10120068610635,-0.743676222596965,-0.476998536844906
"225","8624024","Adults","0",9,"F",20,0.9375,"ver1",-2,0,"Adults",0.295563863510791,2.41778523489933,3.10120068610635,2.25632377740304,0.0855014631550944
"226","8624025","Adults","0",9,"M",20,1,"ver1",-3,-7,"Adults",0.358063863510791,2.41778523489933,2.10120068610635,-4.74367622259696,0.148001463155094
"227","8624026","Adults","0",4,"F",19,0.875,"ver1",-2,3,"Adults",0.233063863510791,-2.58221476510067,3.10120068610635,5.25632377740304,0.0230014631550944
"228","8624027","Adults","0",4,"F",19,0.875,"ver1",-2,18,"Adults",0.233063863510791,-2.58221476510067,3.10120068610635,20.256323777403,0.0230014631550944
"229","8624028","Adults","0",8,"M",19,0.875,"ver1",-2,-2,"Adults",0.233063863510791,1.41778523489933,3.10120068610635,0.256323777403035,0.0230014631550944
"230","8624029","Adults","0",4,"F",19,0.8125,"ver1",-2,4,"Adults",0.170563863510791,-2.58221476510067,3.10120068610635,6.25632377740304,-0.0394985368449056
"231","8624030","Adults","0",12,"M",28,0.9375,"ver1",0,6,"Adults",0.295563863510791,5.41778523489933,5.10120068610635,8.25632377740304,0.0855014631550944
"232","8624031","Adults","0",8,"M",23,0.9375,"ver1",0,-8,"Adults",0.295563863510791,1.41778523489933,5.10120068610635,-5.74367622259696,0.0855014631550944
"233","8624032","Adults","0",9,"F",19,0.8125,"ver1",0,1,"Adults",0.170563863510791,2.41778523489933,5.10120068610635,3.25632377740304,-0.0394985368449056
"234","8624033","Adults","0",8,"F",22,1,"ver1",0,6,"Adults",0.358063863510791,1.41778523489933,5.10120068610635,8.25632377740304,0.148001463155094
"235","8624034","Adults","0",7,NA,20,0.8125,"ver1",0,-7,"Adults",0.170563863510791,0.417785234899329,5.10120068610635,-4.74367622259696,-0.0394985368449056
"236","8624035","Adults","0",2,"F",19,1,"ver1",0,-5,"Adults",0.358063863510791,-4.58221476510067,5.10120068610635,-2.74367622259696,0.148001463155094
"237","8624037","Adults","0",8,"F",20,0.9375,"ver1",0,4,"Adults",0.295563863510791,1.41778523489933,5.10120068610635,6.25632377740304,0.0855014631550944
"238","8624039","Adults","0",7,"F",19,0.9375,"ver1",-1,-9,"Adults",0.295563863510791,0.417785234899329,4.10120068610635,-6.74367622259696,0.0855014631550944
"239","8624040","Adults","0",5,"F",20,1,"ver1",-4,3,"Adults",0.358063863510791,-1.58221476510067,1.10120068610635,5.25632377740304,0.148001463155094
"240","8624041","Adults","0",8,"F",20,0.875,"ver1",0,0,"Adults",0.233063863510791,1.41778523489933,5.10120068610635,2.25632377740304,0.0230014631550944
"241","8624042","Adults","0",4,"F",22,1,"ver1",-2,-5,"Adults",0.358063863510791,-2.58221476510067,3.10120068610635,-2.74367622259696,0.148001463155094
"242","8624043","Adults","0",9,"F",21,1,"ver1",0,0,"Adults",0.358063863510791,2.41778523489933,5.10120068610635,2.25632377740304,0.148001463155094
"243","8624044","Adults","0",5,"F",19,0.6875,"ver1",0,-10,"Adults",0.0455638635107909,-1.58221476510067,5.10120068610635,-7.74367622259696,-0.164498536844906
"244","8624045","Adults","0",7,"F",22,0.8125,"ver1",-4,-4,"Adults",0.170563863510791,0.417785234899329,1.10120068610635,-1.74367622259696,-0.0394985368449056
"245","8624046","Adults","0",8,"F",20,1,"ver1",-1,-5,"Adults",0.358063863510791,1.41778523489933,4.10120068610635,-2.74367622259696,0.148001463155094
"246","8624048","Adults","0",2,"F",22,0.75,"ver1",-3,-7,"Adults",0.108063863510791,-4.58221476510067,2.10120068610635,-4.74367622259696,-0.101998536844906
"247","8624050","Adults","0",5,"F",19,0.875,"ver1",0,-12,"Adults",0.233063863510791,-1.58221476510067,5.10120068610635,-9.74367622259696,0.0230014631550944
"248","8624051","Adults","0",6,"F",20,0.875,"ver1",0,2,"Adults",0.233063863510791,-0.582214765100671,5.10120068610635,4.25632377740304,0.0230014631550944
"249","8624052","Adults","0",6,"M",20,0.875,"ver1",0,2,"Adults",0.233063863510791,-0.582214765100671,5.10120068610635,4.25632377740304,0.0230014631550944
"250","8624053","Adults","0",4,"F",22,0.785714285714286,"ver1",-2,4,"Adults",0.143778149225077,-2.58221476510067,3.10120068610635,6.25632377740304,-0.0662842511306195
"251","8624054","Adults","0",5,"F",19,0.625,"ver1",-2,-5,"Adults",-0.0169361364892091,-1.58221476510067,3.10120068610635,-2.74367622259696,-0.226998536844906
"252","8624055","Adults","0",5,"F",19,0.933333333333333,"ver1",0,-3,"Adults",0.291397196844124,-1.58221476510067,5.10120068610635,-0.743676222596965,0.0813347964884275
"253","8624056","Adults","0",8,"M",21,1,"ver1",0,-2,"Adults",0.358063863510791,1.41778523489933,5.10120068610635,0.256323777403035,0.148001463155094
"254","8624057","Adults","0",7,"F",19,0.9375,"ver1",0,-2,"Adults",0.295563863510791,0.417785234899329,5.10120068610635,0.256323777403035,0.0855014631550944
"255","8624058","Adults","0",9,"F",19,1,"ver1",0,-2,"Adults",0.358063863510791,2.41778523489933,5.10120068610635,0.256323777403035,0.148001463155094
"256","8624059","Adults","0",7,"F",19,0.866666666666667,"ver1",-4,6,"Adults",0.224730530177458,0.417785234899329,1.10120068610635,8.25632377740304,0.0146681298217615
"257","8624062","Adults","0",5,"F",21,0.9375,"ver1",0,-10,"Adults",0.295563863510791,-1.58221476510067,5.10120068610635,-7.74367622259696,0.0855014631550944
"258","8624063","Adults","0",4,"F",20,0.9375,"ver1",0,-3,"Adults",0.295563863510791,-2.58221476510067,5.10120068610635,-0.743676222596965,0.0855014631550944
"259","8624064","Adults","0",7,"F",21,0.875,"ver1",-8,-8,"Adults",0.233063863510791,0.417785234899329,-2.89879931389365,-5.74367622259696,0.0230014631550944
"260","8624065","Adults","0",10,"F",21,0.9375,"ver1",-3,0,"Adults",0.295563863510791,3.41778523489933,2.10120068610635,2.25632377740304,0.0855014631550944
"261","8624066","Adults","0",2,"F",19,0.375,"ver1",-1,0,"Adults",-0.266936136489209,-4.58221476510067,4.10120068610635,2.25632377740304,-0.476998536844906
"262","8624067","Adults","0",9,"F",21,0.8125,"ver1",0,-13,"Adults",0.170563863510791,2.41778523489933,5.10120068610635,-10.743676222597,-0.0394985368449056
"263","8624068","Adults","0",6,"F",19,0.625,"ver1",-2,6,"Adults",-0.0169361364892091,-0.582214765100671,3.10120068610635,8.25632377740304,-0.226998536844906
"264","8624069","Adults","0",6,"F",21,1,"ver1",-1,7,"Adults",0.358063863510791,-0.582214765100671,4.10120068610635,9.25632377740304,0.148001463155094
"265","8624070","Adults","0",4,"F",22,0.6875,"ver1",-2,1,"Adults",0.0455638635107909,-2.58221476510067,3.10120068610635,3.25632377740304,-0.164498536844906
"266","8624072","Adults","0",14,"M",19,0.9375,"ver1",-1,-8,"Adults",0.295563863510791,7.41778523489933,4.10120068610635,-5.74367622259696,0.0855014631550944
"267","8624073","Adults","0",7,"F",21,0.875,"ver1",-1,-4,"Adults",0.233063863510791,0.417785234899329,4.10120068610635,-1.74367622259696,0.0230014631550944
"268","8624074","Adults","1",2,"F",19,0.75,"ver1",0,-5,"Adults",0.108063863510791,-4.58221476510067,5.10120068610635,-2.74367622259696,-0.101998536844906
"269","8624077","Adults","0",4,"F",20,1,"ver1",-2,0,"Adults",0.358063863510791,-2.58221476510067,3.10120068610635,2.25632377740304,0.148001463155094
"270","8624078","Adults","0",7,"M",20,1,"ver1",0,5,"Adults",0.358063863510791,0.417785234899329,5.10120068610635,7.25632377740304,0.148001463155094
"271","8624087","Adults","0",6,"F",20,1,"ver1",0,1,"Adults",0.358063863510791,-0.582214765100671,5.10120068610635,3.25632377740304,0.148001463155094
"272","8624088","Adults","0",6,"F",19,1,"ver1",0,8,"Adults",0.358063863510791,-0.582214765100671,5.10120068610635,10.256323777403,0.148001463155094
"273","8624091","Adults","0",10,"F",20,0.8125,"ver1",-7,-3,"Adults",0.170563863510791,3.41778523489933,-1.89879931389365,-0.743676222596965,-0.0394985368449056
"274","8624092","Adults","0",9,"M",21,0.8125,"ver1",-4,3,"Adults",0.170563863510791,2.41778523489933,1.10120068610635,5.25632377740304,-0.0394985368449056
"275","8624093","Adults","0",6,"F",20,0.875,"ver1",-5,-1,"Adults",0.233063863510791,-0.582214765100671,0.101200686106346,1.25632377740304,0.0230014631550944
"276","8624094","Adults","0",7,"M",23,0.9375,"ver1",-2,1,"Adults",0.295563863510791,0.417785234899329,3.10120068610635,3.25632377740304,0.0855014631550944
"277","8624097","Adults","0",7,"F",19,1,"ver1",-2,-16,"Adults",0.358063863510791,0.417785234899329,3.10120068610635,-13.743676222597,0.148001463155094
"278","8624109","Adults","0",5,"F",20,0.8125,"ver1",-11,-3,"Adults",0.170563863510791,-1.58221476510067,-5.89879931389365,-0.743676222596965,-0.0394985368449056
"279","8624113","Adults","0",1,"F",20,0.9375,"ver1",0,0,"Adults",0.295563863510791,-5.58221476510067,5.10120068610635,2.25632377740304,0.0855014631550944
"280","8624117","Adults","0",7,"F",20,0.4375,"ver1",-2,-18,"Adults",-0.204436136489209,0.417785234899329,3.10120068610635,-15.743676222597,-0.414498536844906
"281","8624122","Adults","0",1,"F",21,1,"ver1",-11,-4,"Adults",0.358063863510791,-5.58221476510067,-5.89879931389365,-1.74367622259696,0.148001463155094
"282","8624142","Adults","0",7,"F",19,0.1875,"ver1",-4,0,"Adults",-0.454436136489209,0.417785234899329,1.10120068610635,2.25632377740304,-0.664498536844906
"283","8624144","Adults","0",7,"F",19,1,"ver1",-2,5,"Adults",0.358063863510791,0.417785234899329,3.10120068610635,7.25632377740304,0.148001463155094
"284","8624156","Adults","0",7,"F",19,1,"ver1",0,-2,"Adults",0.358063863510791,0.417785234899329,5.10120068610635,0.256323777403035,0.148001463155094
"285","8624170","Adults","1",15,"F",19,0.866666666666667,"ver1",-4,1,"Adults",0.224730530177458,8.41778523489933,1.10120068610635,3.25632377740304,0.0146681298217615
"286","8624173","Adults","1",7,"F",20,0.9375,"ver1",-2,0,"Adults",0.295563863510791,0.417785234899329,3.10120068610635,2.25632377740304,0.0855014631550944
"287","8624179","Adults","0",9,"F",20,0.75,"ver1",-2,2,"Adults",0.108063863510791,2.41778523489933,3.10120068610635,4.25632377740304,-0.101998536844906
"288","8624204","Adults","0",6,"F",20,1,"ver1",-21,-6,"Adults",0.358063863510791,-0.582214765100671,-15.8987993138937,-3.74367622259696,0.148001463155094
"289","8716020","Adults","0",8,"M",27,1,"ver1",0,3,"Adults",0.358063863510791,1.41778523489933,5.10120068610635,5.25632377740304,0.148001463155094
"290","8716022","Adults","0",6,"F",23,0.9375,"ver1",0,-2,"Adults",0.295563863510791,-0.582214765100671,5.10120068610635,0.256323777403035,0.0855014631550944
"291","8722108","Adults","0",6,"F",28,0.933333333333333,"ver1",-2,4,"Adults",0.291397196844124,-0.582214765100671,3.10120068610635,6.25632377740304,0.0813347964884275
"292","8722109","Adults","0",8,"F",23,0.625,"ver1",-1,-6,"Adults",-0.0169361364892091,1.41778523489933,4.10120068610635,-3.74367622259696,-0.226998536844906
"293","8722110","Adults","0",7,"F",25,0.9375,"ver1",-1,-4,"Adults",0.295563863510791,0.417785234899329,4.10120068610635,-1.74367622259696,0.0855014631550944
"294","8728565","Adults","0",4,"F",34,0.875,"ver1",-5,-8,"Adults",0.233063863510791,-2.58221476510067,0.101200686106346,-5.74367622259696,0.0230014631550944
"295","8728566","Adults","0",3,"F",21,0.8125,"ver1",-2,-15,"Adults",0.170563863510791,-3.58221476510067,3.10120068610635,-12.743676222597,-0.0394985368449056
"296","8728567","Adults","0",7,"F",19,1,"ver1",0,6,"Adults",0.358063863510791,0.417785234899329,5.10120068610635,8.25632377740304,0.148001463155094
"297","8728568","Adults","0",7,"F",20,0.875,"ver1",-1,-17,"Adults",0.233063863510791,0.417785234899329,4.10120068610635,-14.743676222597,0.0230014631550944
"298","8728569","Adults","0",8,"F",22,0.9375,"ver1",-1,-1,"Adults",0.295563863510791,1.41778523489933,4.10120068610635,1.25632377740304,0.0855014631550944
"299","8728570","Adults","0",7,"F",22,0.5625,"ver1",0,0,"Adults",-0.0794361364892091,0.417785234899329,5.10120068610635,2.25632377740304,-0.289498536844906
"300","8728571","Adults","0",5,"F",23,0.875,"ver1",-1,-2,"Adults",0.233063863510791,-1.58221476510067,4.10120068610635,0.256323777403035,0.0230014631550944
"301","8728572","Adults","0",5,"F",19,0.75,"ver1",-1,-10,"Adults",0.108063863510791,-1.58221476510067,4.10120068610635,-7.74367622259696,-0.101998536844906
"302","8728573","Adults","0",1,"F",20,1,"ver1",-2,-3,"Adults",0.358063863510791,-5.58221476510067,3.10120068610635,-0.743676222596965,0.148001463155094
"303","8728574","Adults","0",8,"F",19,1,"ver1",0,0,"Adults",0.358063863510791,1.41778523489933,5.10120068610635,2.25632377740304,0.148001463155094
"304","8728575","Adults","0",8,"F",20,1,"ver1",-3,-13,"Adults",0.358063863510791,1.41778523489933,2.10120068610635,-10.743676222597,0.148001463155094
"305","8728576","Adults","0",4,"F",26,0.866666666666667,"ver1",-5,0,"Adults",0.224730530177458,-2.58221476510067,0.101200686106346,2.25632377740304,0.0146681298217615
"306","8728577","Adults","0",6,"F",28,0.875,"ver1",0,-2,"Adults",0.233063863510791,-0.582214765100671,5.10120068610635,0.256323777403035,0.0230014631550944
"307","8728578","Adults","0",6,"F",19,0.8125,"ver1",-1,2,"Adults",0.170563863510791,-0.582214765100671,4.10120068610635,4.25632377740304,-0.0394985368449056
"308","8728579","Adults","0",4,"F",20,1,"ver1",0,0,"Adults",0.358063863510791,-2.58221476510067,5.10120068610635,2.25632377740304,0.148001463155094
"309","8728581","Adults","0",7,"F",21,0.9375,"ver1",-2,-3,"Adults",0.295563863510791,0.417785234899329,3.10120068610635,-0.743676222596965,0.0855014631550944
"310","8728582","Adults","0",5,"F",20,0.933333333333333,"ver1",0,2,"Adults",0.291397196844124,-1.58221476510067,5.10120068610635,4.25632377740304,0.0813347964884275
"311","8728583","Adults","0",5,"F",19,0.875,"ver1",-1,-5,"Adults",0.233063863510791,-1.58221476510067,4.10120068610635,-2.74367622259696,0.0230014631550944
"312","8728585","Adults","0",4,"F",19,0.6875,"ver1",0,6,"Adults",0.0455638635107909,-2.58221476510067,5.10120068610635,8.25632377740304,-0.164498536844906
"313","8728586","Adults","0",4,"F",23,0.9375,"ver1",0,-4,"Adults",0.295563863510791,-2.58221476510067,5.10120068610635,-1.74367622259696,0.0855014631550944
"314","8728587","Adults","0",6,"F",19,1,"ver1",-2,-8,"Adults",0.358063863510791,-0.582214765100671,3.10120068610635,-5.74367622259696,0.148001463155094
"315","8728588","Adults","0",6,"F",20,0.9375,"ver1",0,-20,"Adults",0.295563863510791,-0.582214765100671,5.10120068610635,-17.743676222597,0.0855014631550944
"316","8728589","Adults","0",5,"F",20,0.5,"ver1",-1,-8,"Adults",-0.141936136489209,-1.58221476510067,4.10120068610635,-5.74367622259696,-0.351998536844906
"317","8728607","Adults","1",9,"F",21,0.9375,"ver1",-8,0,"Adults",0.295563863510791,2.41778523489933,-2.89879931389365,2.25632377740304,0.0855014631550944
"318","8728610","Adults","0",5,"F",19,0.8125,"ver1",-3,10,"Adults",0.170563863510791,-1.58221476510067,2.10120068610635,12.256323777403,-0.0394985368449056
"319","8728615","Adults","0",9,"F",20,0.75,"ver1",-3,-6,"Adults",0.108063863510791,2.41778523489933,2.10120068610635,-3.74367622259696,-0.101998536844906
"320","8728621","Adults","0",7,"F",23,0.9375,"ver1",-4,10,"Adults",0.295563863510791,0.417785234899329,1.10120068610635,12.256323777403,0.0855014631550944
"321","8728622","Adults","0",6,"F",21,0.9375,"ver1",-2,-4,"Adults",0.295563863510791,-0.582214765100671,3.10120068610635,-1.74367622259696,0.0855014631550944
"322","8728623","Adults","0",7,"F",20,0.9375,"ver1",-1,-8,"Adults",0.295563863510791,0.417785234899329,4.10120068610635,-5.74367622259696,0.0855014631550944
"323","8728624","Adults","0",4,"F",21,1,"ver1",-1,3,"Adults",0.358063863510791,-2.58221476510067,4.10120068610635,5.25632377740304,0.148001463155094
"324","8728625","Adults","0",8,"F",31,0.9375,"ver1",-1,2,"Adults",0.295563863510791,1.41778523489933,4.10120068610635,4.25632377740304,0.0855014631550944
"325","8728631","Adults","0",5,"F",20,0.666666666666667,"ver1",0,3,"Adults",0.0247305301774579,-1.58221476510067,5.10120068610635,5.25632377740304,-0.185331870178239
"326","8728634","Adults","0",5,"F",20,0.5625,"ver1",-3,-5,"Adults",-0.0794361364892091,-1.58221476510067,2.10120068610635,-2.74367622259696,-0.289498536844906
"327","8728654","Adults","0",8,"F",22,0.785714285714286,"ver1",-2,1,"Adults",0.143778149225077,1.41778523489933,3.10120068610635,3.25632377740304,-0.0662842511306195
"328","8743736","Adults","0",8,"F",25,0.875,"ver1",-2,-8,"Adults",0.233063863510791,1.41778523489933,3.10120068610635,-5.74367622259696,0.0230014631550944
"329","8743737","Adults","0",7,"F",25,0.8125,"ver1",0,-14,"Adults",0.170563863510791,0.417785234899329,5.10120068610635,-11.743676222597,-0.0394985368449056
"330","8743738","Adults","0",4,"F",25,0.8125,"ver1",-5,-4,"Adults",0.170563863510791,-2.58221476510067,0.101200686106346,-1.74367622259696,-0.0394985368449056
"331","8743740","Adults","0",5,"F",27,1,"ver1",-2,3,"Adults",0.358063863510791,-1.58221476510067,3.10120068610635,5.25632377740304,0.148001463155094
"332","8743741","Adults","0",8,"M",26,1,"ver1",-3,4,"Adults",0.358063863510791,1.41778523489933,2.10120068610635,6.25632377740304,0.148001463155094
"333","8750031","Adults","0",6,"F",23,0.5,"ver1",-8,-2,"Adults",-0.141936136489209,-0.582214765100671,-2.89879931389365,0.256323777403035,-0.351998536844906
"334","8750033","Adults","1",4,"F",23,0.625,"ver1",-11,0,"Adults",-0.0169361364892091,-2.58221476510067,-5.89879931389365,2.25632377740304,-0.226998536844906
"335","8750034","Adults","0",7,"M",23,0.9375,"ver1",0,0,"Adults",0.295563863510791,0.417785234899329,5.10120068610635,2.25632377740304,0.0855014631550944
"336","8750275","Adults","1",8,"F",22,0.4375,"ver1",-10,-3,"Adults",-0.204436136489209,1.41778523489933,-4.89879931389365,-0.743676222596965,-0.414498536844906
"337","8750278","Adults","0",7,"F",23,0.5,"ver1",-8,0,"Adults",-0.141936136489209,0.417785234899329,-2.89879931389365,2.25632377740304,-0.351998536844906
"338","8750281","Adults","0",10,"M",23,0.9375,"ver1",0,5,"Adults",0.295563863510791,3.41778523489933,5.10120068610635,7.25632377740304,0.0855014631550944
"339","8756676","Adults","0",7,"M",25,0.6875,"ver1",-2,-3,"Adults",0.0455638635107909,0.417785234899329,3.10120068610635,-0.743676222596965,-0.164498536844906
"340","8756704","Adults","0",5,"F",25,0.6875,"ver1",-8,10,"Adults",0.0455638635107909,-1.58221476510067,-2.89879931389365,12.256323777403,-0.164498536844906
"341","8756708","Adults","1",15,"M",35,0.9375,"ver1",-1,0,"Adults",0.295563863510791,8.41778523489933,4.10120068610635,2.25632377740304,0.0855014631550944
"342","8758609","Adults","0",7,"F",25,0.875,"ver1",-8,1,"Adults",0.233063863510791,0.417785234899329,-2.89879931389365,3.25632377740304,0.0230014631550944
"343","8758610","Adults","0",7,"M",26,1,"ver1",-2,2,"Adults",0.358063863510791,0.417785234899329,3.10120068610635,4.25632377740304,0.148001463155094
"344","8758611","Adults","0",8,"M",19,1,"ver1",-2,-5,"Adults",0.358063863510791,1.41778523489933,3.10120068610635,-2.74367622259696,0.148001463155094
"345","8758613","Adults","0",6,"M",20,0.4375,"ver1",-4,1,"Adults",-0.204436136489209,-0.582214765100671,1.10120068610635,3.25632377740304,-0.414498536844906
"346","8758719","Adults","1",3,"F",20,0.5,"ver1",-4,-1,"Adults",-0.141936136489209,-3.58221476510067,1.10120068610635,1.25632377740304,-0.351998536844906
"347","8765800","Adults","1",0,"F",26,0.8125,"ver1",-2,-4,"Adults",0.170563863510791,-6.58221476510067,3.10120068610635,-1.74367622259696,-0.0394985368449056
"348","8765802","Adults","0",9,"F",25,1,"ver1",-3,4,"Adults",0.358063863510791,2.41778523489933,2.10120068610635,6.25632377740304,0.148001463155094
"349","8766696","Adults","0",6,"F",23,0.5625,"ver1",-2,-7,"Adults",-0.0794361364892091,-0.582214765100671,3.10120068610635,-4.74367622259696,-0.289498536844906
"350","8766697","Adults","0",5,"F",25,0.8125,"ver1",-5,-6,"Adults",0.170563863510791,-1.58221476510067,0.101200686106346,-3.74367622259696,-0.0394985368449056
"351","8766698","Adults","0",6,"M",24,1,"ver1",0,6,"Adults",0.358063863510791,-0.582214765100671,5.10120068610635,8.25632377740304,0.148001463155094
"352","8766699","Adults","0",12,"F",24,0.857142857142857,"ver1",-2,-20,"Adults",0.215206720653648,5.41778523489933,3.10120068610635,-17.743676222597,0.00514432029795142
"353","8766700","Adults","0",6,"F",25,1,"ver1",0,5,"Adults",0.358063863510791,-0.582214765100671,5.10120068610635,7.25632377740304,0.148001463155094
"354","8766701","Adults","0",7,"F",25,0.8125,"ver1",-1,6,"Adults",0.170563863510791,0.417785234899329,4.10120068610635,8.25632377740304,-0.0394985368449056
"355","8766702","Adults","0",9,"M",25,0.933333333333333,"ver1",-3,1,"Adults",0.291397196844124,2.41778523489933,2.10120068610635,3.25632377740304,0.0813347964884275
"356","8766703","Adults","0",8,"F",25,1,"ver1",0,-4,"Adults",0.358063863510791,1.41778523489933,5.10120068610635,-1.74367622259696,0.148001463155094
"357","8766704","Adults","1",14,"F",23,1,"ver1",-3,6,"Adults",0.358063863510791,7.41778523489933,2.10120068610635,8.25632377740304,0.148001463155094
"358","8766705","Adults","1",15,"M",28,0.866666666666667,"ver1",-4,-5,"Adults",0.224730530177458,8.41778523489933,1.10120068610635,-2.74367622259696,0.0146681298217615
"359","8766943","Adults","0",3,"F",26,1,"ver1",-2,-13,"Adults",0.358063863510791,-3.58221476510067,3.10120068610635,-10.743676222597,0.148001463155094
"360","8766944","Adults","0",9,"F",21,0.625,"ver1",0,-10,"Adults",-0.0169361364892091,2.41778523489933,5.10120068610635,-7.74367622259696,-0.226998536844906
"361","8766945","Adults","0",5,"F",26,0.8125,"ver1",0,7,"Adults",0.170563863510791,-1.58221476510067,5.10120068610635,9.25632377740304,-0.0394985368449056
"362","8766946","Adults","0",8,"F",21,0.625,"ver1",-3,3,"Adults",-0.0169361364892091,1.41778523489933,2.10120068610635,5.25632377740304,-0.226998536844906
"363","8766947","Adults","0",6,"F",24,0.875,"ver1",0,-6,"Adults",0.233063863510791,-0.582214765100671,5.10120068610635,-3.74367622259696,0.0230014631550944
"364","8766948","Adults","0",9,"F",26,0.875,"ver1",-3,-1,"Adults",0.233063863510791,2.41778523489933,2.10120068610635,1.25632377740304,0.0230014631550944
"365","8766950","Adults","0",8,"F",21,0.9375,"ver1",-9,-2,"Adults",0.295563863510791,1.41778523489933,-3.89879931389365,0.256323777403035,0.0855014631550944
"366","8766951","Adults","0",4,"F",34,0.75,"ver1",0,-9,"Adults",0.108063863510791,-2.58221476510067,5.10120068610635,-6.74367622259696,-0.101998536844906
"367","8766952","Adults","0",9,"F",25,0.5,"ver1",-2,-4,"Adults",-0.141936136489209,2.41778523489933,3.10120068610635,-1.74367622259696,-0.351998536844906
"368","8766972","Adults","1",14,"F",27,0.4375,"ver1",-3,-4,"Adults",-0.204436136489209,7.41778523489933,2.10120068610635,-1.74367622259696,-0.414498536844906
"369","8772680","Adults","0",10,"M",22,NA,"ver1",NA,0,"Adults",NA,3.41778523489933,NA,2.25632377740304,NA
"370","8772681","Adults","0",3,"M",18,NA,"ver1",NA,15,"Adults",NA,-3.58221476510067,NA,17.256323777403,NA
"371","8772682","Adults","0",6,"M",22,NA,"ver1",NA,0,"Adults",NA,-0.582214765100671,NA,2.25632377740304,NA
"372","8774373","Adults","0",10,"M",26,NA,"ver1",NA,5,"Adults",NA,3.41778523489933,NA,7.25632377740304,NA
"373","8774376","Adults","0",8,"F",26,NA,"ver1",NA,0,"Adults",NA,1.41778523489933,NA,2.25632377740304,NA
"374","8784408","Adults","0",7,"M",27,NA,"ver1",NA,-2,"Adults",NA,0.417785234899329,NA,0.256323777403035,NA
"375","8784409","Adults","1",0,"M",24,NA,"ver1",NA,-20,"Adults",NA,-6.58221476510067,NA,-17.743676222597,NA
"376","8818798","Adults","0",6,"M",23,NA,"ver1",NA,-15,"Adults",NA,-0.582214765100671,NA,-12.743676222597,NA
"377","8818805","Adults","0",6,"M",27,NA,"ver1",NA,-16,"Adults",NA,-0.582214765100671,NA,-13.743676222597,NA
"378","8818955","Adults","1",15,"M",25,NA,"ver1",NA,10,"Adults",NA,8.41778523489933,NA,12.256323777403,NA
"379","8818956","Adults","0",9,"M",24,NA,"ver1",NA,2,"Adults",NA,2.41778523489933,NA,4.25632377740304,NA
"380","8818957","Adults","0",6,"M",19,NA,"ver1",NA,5,"Adults",NA,-0.582214765100671,NA,7.25632377740304,NA
"381","8818961","Adults","0",7,"M",26,NA,"ver1",NA,0,"Adults",NA,0.417785234899329,NA,2.25632377740304,NA
"382","9818103","Adults","0",8,"F",19,0.6875,"ver2",0,3,"Adults2",NA,1.41778523489933,5.10120068610635,5.25632377740304,0.0157710280373832
"383","9818104","Adults","0",6,"F",19,0.875,"ver2",-1,0,"Adults2",NA,-0.582214765100671,4.10120068610635,2.25632377740304,0.203271028037383
"384","9818105","Adults","0",5,"F",20,0.8125,"ver2",0,2,"Adults2",NA,-1.58221476510067,5.10120068610635,4.25632377740304,0.140771028037383
"385","9818106","Adults","0",7,"F",19,0.75,"ver2",-1,-1,"Adults2",NA,0.417785234899329,4.10120068610635,1.25632377740304,0.0782710280373832
"386","9818107","Adults","0",6,"F",19,0.5,"ver2",0,-2,"Adults2",NA,-0.582214765100671,5.10120068610635,0.256323777403035,-0.171728971962617
"387","9818108","Adults","0",6,"F",19,0.6875,"ver2",-1,-13,"Adults2",NA,-0.582214765100671,4.10120068610635,-10.743676222597,0.0157710280373832
"388","9818109","Adults","0",5,"F",20,0.5,"ver2",-1,-20,"Adults2",NA,-1.58221476510067,4.10120068610635,-17.743676222597,-0.171728971962617
"389","9818110","Adults","0",9,"M",20,0.6875,"ver2",-1,12,"Adults2",NA,2.41778523489933,4.10120068610635,14.256323777403,0.0157710280373832
"390","9818111","Adults","0",7,"F",20,0.8125,"ver2",0,-3,"Adults2",NA,0.417785234899329,5.10120068610635,-0.743676222596965,0.140771028037383
"391","9818113","Adults","0",3,"F",20,0.75,"ver2",0,0,"Adults2",NA,-3.58221476510067,5.10120068610635,2.25632377740304,0.0782710280373832
"392","9818114","Adults","0",4,"M",23,1,"ver2",0,9,"Adults2",NA,-2.58221476510067,5.10120068610635,11.256323777403,0.328271028037383
"393","9818115","Adults","0",6,NA,19,0.5,"ver2",0,4,"Adults2",NA,-0.582214765100671,5.10120068610635,6.25632377740304,-0.171728971962617
"394","9818116","Adults","0",6,"F",19,0.5625,"ver2",-1,-1,"Adults2",NA,-0.582214765100671,4.10120068610635,1.25632377740304,-0.109228971962617
"395","9818117","Adults","0",5,"F",19,0.8125,"ver2",0,-5,"Adults2",NA,-1.58221476510067,5.10120068610635,-2.74367622259696,0.140771028037383
"396","9818119","Adults","0",4,"F",19,0.375,"ver2",-2,-8,"Adults2",NA,-2.58221476510067,3.10120068610635,-5.74367622259696,-0.296728971962617
"397","9818120","Adults","0",6,"F",19,1,"ver2",0,-5,"Adults2",NA,-0.582214765100671,5.10120068610635,-2.74367622259696,0.328271028037383
"398","9818121","Adults","0",5,"F",19,0.625,"ver2",0,11,"Adults2",NA,-1.58221476510067,5.10120068610635,13.256323777403,-0.0467289719626168
"399","9818122","Adults","0",9,"F",20,0.875,"ver2",-5,1,"Adults2",NA,2.41778523489933,0.101200686106346,3.25632377740304,0.203271028037383
"400","9818123","Adults","0",4,"F",19,0.875,"ver2",-1,0,"Adults2",NA,-2.58221476510067,4.10120068610635,2.25632377740304,0.203271028037383
"401","9818124","Adults","0",8,"F",20,0.4375,"ver2",-1,-6,"Adults2",NA,1.41778523489933,4.10120068610635,-3.74367622259696,-0.234228971962617
"402","9818125","Adults","0",4,"F",20,0.6875,"ver2",-5,-7,"Adults2",NA,-2.58221476510067,0.101200686106346,-4.74367622259696,0.0157710280373832
"403","9818126","Adults","0",5,"F",20,0.375,"ver2",0,0,"Adults2",NA,-1.58221476510067,5.10120068610635,2.25632377740304,-0.296728971962617
"404","9818127","Adults","0",9,NA,21,1,"ver2",0,-5,"Adults2",NA,2.41778523489933,5.10120068610635,-2.74367622259696,0.328271028037383
"405","9818128","Adults","0",8,"F",20,0.9375,"ver2",-1,-2,"Adults2",NA,1.41778523489933,4.10120068610635,0.256323777403035,0.265771028037383
"406","9818129","Adults","0",4,"F",20,0.625,"ver2",0,-9,"Adults2",NA,-2.58221476510067,5.10120068610635,-6.74367622259696,-0.0467289719626168
"407","9818130","Adults","0",7,"F",19,0.875,"ver2",-2,5,"Adults2",NA,0.417785234899329,3.10120068610635,7.25632377740304,0.203271028037383
"408","9818131","Adults","0",5,"F",19,0.6875,"ver2",0,4,"Adults2",NA,-1.58221476510067,5.10120068610635,6.25632377740304,0.0157710280373832
"409","9818132","Adults","0",8,"M",21,0.6875,"ver2",-3,-8,"Adults2",NA,1.41778523489933,2.10120068610635,-5.74367622259696,0.0157710280373832
"410","9818133","Adults","0",4,"M",20,1,"ver2",-4,-20,"Adults2",NA,-2.58221476510067,1.10120068610635,-17.743676222597,0.328271028037383
"411","9818134","Adults","0",8,"F",18,0.75,"ver2",0,7,"Adults2",NA,1.41778523489933,5.10120068610635,9.25632377740304,0.0782710280373832
"412","9818135","Adults","0",6,"F",18,0.8125,"ver2",-1,3,"Adults2",NA,-0.582214765100671,4.10120068610635,5.25632377740304,0.140771028037383
"413","9818136","Adults","0",8,"F",20,0.625,"ver2",0,0,"Adults2",NA,1.41778523489933,5.10120068610635,2.25632377740304,-0.0467289719626168
"414","9818137","Adults","0",10,"F",19,0.875,"ver2",0,0,"Adults2",NA,3.41778523489933,5.10120068610635,2.25632377740304,0.203271028037383
"415","9818138","Adults","0",5,"F",19,0.75,"ver2",0,4,"Adults2",NA,-1.58221476510067,5.10120068610635,6.25632377740304,0.0782710280373832
"416","9818139","Adults","0",4,"F",19,0.4375,"ver2",0,0,"Adults2",NA,-2.58221476510067,5.10120068610635,2.25632377740304,-0.234228971962617
"417","9818140","Adults","0",6,"F",20,0.75,"ver2",-1,-2,"Adults2",NA,-0.582214765100671,4.10120068610635,0.256323777403035,0.0782710280373832
"418","9818141","Adults","0",10,"F",20,0.875,"ver2",-1,0,"Adults2",NA,3.41778523489933,4.10120068610635,2.25632377740304,0.203271028037383
"419","9818142","Adults","0",5,"F",19,0.9375,"ver2",-1,0,"Adults2",NA,-1.58221476510067,4.10120068610635,2.25632377740304,0.265771028037383
"420","9818143","Adults","0",8,"F",19,0.6875,"ver2",-1,-2,"Adults2",NA,1.41778523489933,4.10120068610635,0.256323777403035,0.0157710280373832
"421","9818144","Adults","0",8,"F",20,0.625,"ver2",-5,3,"Adults2",NA,1.41778523489933,0.101200686106346,5.25632377740304,-0.0467289719626168
"422","9818145","Adults","0",8,"F",19,0.6875,"ver2",-1,1,"Adults2",NA,1.41778523489933,4.10120068610635,3.25632377740304,0.0157710280373832
"423","9818146","Adults","0",6,"F",48,0.6875,"ver2",-5,0,"Adults2",NA,-0.582214765100671,0.101200686106346,2.25632377740304,0.0157710280373832
"424","9818147","Adults","0",6,"F",19,0.5625,"ver2",0,1,"Adults2",NA,-0.582214765100671,5.10120068610635,3.25632377740304,-0.109228971962617
"425","9818148","Adults","0",5,"F",19,0.375,"ver2",0,3,"Adults2",NA,-1.58221476510067,5.10120068610635,5.25632377740304,-0.296728971962617
"426","9818149","Adults","1",12,"F",19,0.375,"ver2",-6,0,"Adults2",NA,5.41778523489933,-0.898799313893654,2.25632377740304,-0.296728971962617
"427","9818150","Adults","0",4,"F",20,0.875,"ver2",0,-6,"Adults2",NA,-2.58221476510067,5.10120068610635,-3.74367622259696,0.203271028037383
"428","9818151","Adults","0",5,"F",18,0.75,"ver2",0,-6,"Adults2",NA,-1.58221476510067,5.10120068610635,-3.74367622259696,0.0782710280373832
"429","9818152","Adults","0",5,"F",19,0.5625,"ver2",-2,4,"Adults2",NA,-1.58221476510067,3.10120068610635,6.25632377740304,-0.109228971962617
"430","9818153","Adults","0",7,"F",20,0.5,"ver2",-4,-2,"Adults2",NA,0.417785234899329,1.10120068610635,0.256323777403035,-0.171728971962617
"431","9818155","Adults","0",7,"F",19,0.625,"ver2",0,4,"Adults2",NA,0.417785234899329,5.10120068610635,6.25632377740304,-0.0467289719626168
"432","9818157","Adults","0",4,"F",21,0.5625,"ver2",-2,1,"Adults2",NA,-2.58221476510067,3.10120068610635,3.25632377740304,-0.109228971962617
"433","9818158","Adults","0",6,"F",20,0.75,"ver2",-6,3,"Adults2",NA,-0.582214765100671,-0.898799313893654,5.25632377740304,0.0782710280373832
"434","9818160","Adults","0",3,"F",21,0.625,"ver2",-1,12,"Adults2",NA,-3.58221476510067,4.10120068610635,14.256323777403,-0.0467289719626168
"435","9818161","Adults","0",5,"F",19,0.625,"ver2",-2,-6,"Adults2",NA,-1.58221476510067,3.10120068610635,-3.74367622259696,-0.0467289719626168
"436","9818162","Adults","0",6,"F",19,0.1875,"ver2",-1,1,"Adults2",NA,-0.582214765100671,4.10120068610635,3.25632377740304,-0.484228971962617
"437","9818163","Adults","0",7,"F",19,0.625,"ver2",-2,0,"Adults2",NA,0.417785234899329,3.10120068610635,2.25632377740304,-0.0467289719626168
"438","9818164","Adults","0",6,"F",20,0.6875,"ver2",0,-6,"Adults2",NA,-0.582214765100671,5.10120068610635,-3.74367622259696,0.0157710280373832
"439","9818165","Adults","0",6,"M",22,0.8125,"ver2",-4,5,"Adults2",NA,-0.582214765100671,1.10120068610635,7.25632377740304,0.140771028037383
"440","9818166","Adults","0",6,"F",19,0.8125,"ver2",-1,8,"Adults2",NA,-0.582214765100671,4.10120068610635,10.256323777403,0.140771028037383
"441","9818167","Adults","0",10,"F",19,0.625,"ver2",0,-4,"Adults2",NA,3.41778523489933,5.10120068610635,-1.74367622259696,-0.0467289719626168
"442","9818168","Adults","0",3,"F",19,0.9375,"ver2",-2,-6,"Adults2",NA,-3.58221476510067,3.10120068610635,-3.74367622259696,0.265771028037383
"443","9818169","Adults","1",0,"F",19,0.75,"ver2",-1,0,"Adults2",NA,-6.58221476510067,4.10120068610635,2.25632377740304,0.0782710280373832
"444","9818170","Adults","0",10,"F",18,0.75,"ver2",-15,0,"Adults2",NA,3.41778523489933,-9.89879931389365,2.25632377740304,0.0782710280373832
"445","9818171","Adults","0",6,"F",20,0.625,"ver2",0,-3,"Adults2",NA,-0.582214765100671,5.10120068610635,-0.743676222596965,-0.0467289719626168
"446","9818172","Adults","0",6,"M",20,0.75,"ver2",0,1,"Adults2",NA,-0.582214765100671,5.10120068610635,3.25632377740304,0.0782710280373832
"447","9818173","Adults","0",9,"M",20,0.875,"ver2",-2,2,"Adults2",NA,2.41778523489933,3.10120068610635,4.25632377740304,0.203271028037383
"448","9818174","Adults","0",6,"F",20,0.875,"ver2",0,3,"Adults2",NA,-0.582214765100671,5.10120068610635,5.25632377740304,0.203271028037383
"449","9818175","Adults","0",6,"M",20,0.625,"ver2",0,0,"Adults2",NA,-0.582214765100671,5.10120068610635,2.25632377740304,-0.0467289719626168
"450","9818176","Adults","0",6,"F",18,0.8125,"ver2",0,-3,"Adults2",NA,-0.582214765100671,5.10120068610635,-0.743676222596965,0.140771028037383
"451","9818177","Adults","0",5,"M",19,0.5625,"ver2",-3,-2,"Adults2",NA,-1.58221476510067,2.10120068610635,0.256323777403035,-0.109228971962617
"452","9818178","Adults","0",8,"M",19,0.25,"ver2",-6,9,"Adults2",NA,1.41778523489933,-0.898799313893654,11.256323777403,-0.421728971962617
"453","9818179","Adults","0",8,"M",20,0.625,"ver2",-3,2,"Adults2",NA,1.41778523489933,2.10120068610635,4.25632377740304,-0.0467289719626168
"454","9818180","Adults","0",5,"F",18,0.8125,"ver2",0,-7,"Adults2",NA,-1.58221476510067,5.10120068610635,-4.74367622259696,0.140771028037383
"455","9818181","Adults","0",8,"F",19,0.6875,"ver2",-4,0,"Adults2",NA,1.41778523489933,1.10120068610635,2.25632377740304,0.0157710280373832
"456","9818182","Adults","0",8,"F",18,0.5625,"ver2",-2,-8,"Adults2",NA,1.41778523489933,3.10120068610635,-5.74367622259696,-0.109228971962617
"457","9818183","Adults","0",9,"F",19,0.75,"ver2",0,2,"Adults2",NA,2.41778523489933,5.10120068610635,4.25632377740304,0.0782710280373832
"458","9818189","Adults","0",8,"F",20,0.4375,"ver2",-2,3,"Adults2",NA,1.41778523489933,3.10120068610635,5.25632377740304,-0.234228971962617
"459","9818193","Adults","0",9,"M",19,0.75,"ver2",-1,5,"Adults2",NA,2.41778523489933,4.10120068610635,7.25632377740304,0.0782710280373832
"460","9818200","Adults","0",10,"F",19,0.4375,"ver2",0,0,"Adults2",NA,3.41778523489933,5.10120068610635,2.25632377740304,-0.234228971962617
"461","9818216","Adults","0",8,"F",21,0.5625,"ver2",0,4,"Adults2",NA,1.41778523489933,5.10120068610635,6.25632377740304,-0.109228971962617
"462","9818252","Adults","0",9,"F",19,0.875,"ver2",0,-13,"Adults2",NA,2.41778523489933,5.10120068610635,-10.743676222597,0.203271028037383
"463","9818256","Adults","0",3,"F",20,0.875,"ver2",-1,-9,"Adults2",NA,-3.58221476510067,4.10120068610635,-6.74367622259696,0.203271028037383
"464","9859277","Adults","1",9,NA,NA,0.1875,"ver2",-13,0,"Adults2",NA,2.41778523489933,-7.89879931389365,2.25632377740304,-0.484228971962617
"465","9859694","Adults","0",8,"F",21,0.5625,"ver2",0,8,"Adults2",NA,1.41778523489933,5.10120068610635,10.256323777403,-0.109228971962617
"466","9859696","Adults","1",0,"F",22,0.625,"ver2",-1,-5,"Adults2",NA,-6.58221476510067,4.10120068610635,-2.74367622259696,-0.0467289719626168
"467","9859697","Adults","0",9,"F",22,0.625,"ver2",-1,-3,"Adults2",NA,2.41778523489933,4.10120068610635,-0.743676222596965,-0.0467289719626168
"468","9859698","Adults","0",4,"M",28,0.6875,"ver2",0,3,"Adults2",NA,-2.58221476510067,5.10120068610635,5.25632377740304,0.0157710280373832
"469","9859699","Adults","0",6,"F",22,0.375,"ver2",-1,-2,"Adults2",NA,-0.582214765100671,4.10120068610635,0.256323777403035,-0.296728971962617
"470","9859700","Adults","0",7,"F",23,0.75,"ver2",-3,-20,"Adults2",NA,0.417785234899329,2.10120068610635,-17.743676222597,0.0782710280373832
"471","9859701","Adults","0",6,"F",27,0.8125,"ver2",0,6,"Adults2",NA,-0.582214765100671,5.10120068610635,8.25632377740304,0.140771028037383
"472","9859703","Adults","0",9,"F",23,0.5625,"ver2",0,-4,"Adults2",NA,2.41778523489933,5.10120068610635,-1.74367622259696,-0.109228971962617
"473","9859704","Adults","0",7,"F",23,0.5,"ver2",0,2,"Adults2",NA,0.417785234899329,5.10120068610635,4.25632377740304,-0.171728971962617
"474","9859705","Adults","0",6,"F",25,0.875,"ver2",-1,-2,"Adults2",NA,-0.582214765100671,4.10120068610635,0.256323777403035,0.203271028037383
"475","9859706","Adults","0",7,"F",23,0.6875,"ver2",-1,-1,"Adults2",NA,0.417785234899329,4.10120068610635,1.25632377740304,0.0157710280373832
"476","9859707","Adults","0",6,"F",23,0.6875,"ver2",-2,-5,"Adults2",NA,-0.582214765100671,3.10120068610635,-2.74367622259696,0.0157710280373832
"477","9859708","Adults","0",9,"F",23,0.375,"ver2",-1,-7,"Adults2",NA,2.41778523489933,4.10120068610635,-4.74367622259696,-0.296728971962617
"478","9859709","Adults","0",6,NA,26,0.75,"ver2",0,0,"Adults2",NA,-0.582214765100671,5.10120068610635,2.25632377740304,0.0782710280373832
"479","9859710","Adults","0",5,"F",22,0.5625,"ver2",-3,2,"Adults2",NA,-1.58221476510067,2.10120068610635,4.25632377740304,-0.109228971962617
"480","9859711","Adults","0",7,NA,NA,0.8125,"ver2",-2,-8,"Adults2",NA,0.417785234899329,3.10120068610635,-5.74367622259696,0.140771028037383
"481","9859712","Adults","0",7,"F",22,0.6875,"ver2",0,6,"Adults2",NA,0.417785234899329,5.10120068610635,8.25632377740304,0.0157710280373832
"482","9859713","Adults","0",6,"F",22,0.5625,"ver2",-3,9,"Adults2",NA,-0.582214765100671,2.10120068610635,11.256323777403,-0.109228971962617
"483","9859716","Adults","1",0,"F",23,0.6875,"ver2",-2,6,"Adults2",NA,-6.58221476510067,3.10120068610635,8.25632377740304,0.0157710280373832
"484","9859722","Adults","1",15,"F",36,0.4375,"ver2",-9,0,"Adults2",NA,8.41778523489933,-3.89879931389365,2.25632377740304,-0.234228971962617
"485","9864881","Adults","0",6,"F",22,0.625,"ver2",-1,-3,"Adults2",NA,-0.582214765100671,4.10120068610635,-0.743676222596965,-0.0467289719626168
"486","9864889","Adults","0",7,"F",22,0.75,"ver2",-3,1,"Adults2",NA,0.417785234899329,2.10120068610635,3.25632377740304,0.0782710280373832
"487","9864890","Adults","0",6,"F",27,0.3125,"ver2",-3,0,"Adults2",NA,-0.582214765100671,2.10120068610635,2.25632377740304,-0.359228971962617
"488","9865052","Adults","0",7,"F",24,0.75,"ver2",-1,-3,"Adults2",NA,0.417785234899329,4.10120068610635,-0.743676222596965,0.0782710280373832
"489","10933689","Children","0",9,"M",11,0.375,"ver1",-6,-1,"Children",-0.266936136489209,2.41778523489933,-0.898799313893654,1.25632377740304,-0.0459230914588057
"490","10933690","Children","0",10,"M",9,0.230769230769231,"ver1",-6,-1,"Children",-0.411166905719978,3.41778523489933,-0.898799313893654,1.25632377740304,-0.190153860689575
"491","10933691","Children","0",2,"M",11,0.866666666666667,"ver1",0,-1,"Children",0.224730530177458,-4.58221476510067,5.10120068610635,1.25632377740304,0.445743575207861
"492","10933692","Children","1",0,"M",11,0.333333333333333,"ver1",-2,-3,"Children",-0.308602803155876,-6.58221476510067,3.10120068610635,-0.743676222596965,-0.0875897581254728
"493","10933693","Children","1",5,"M",11,0.0625,"ver1",-1,1,"Children",-0.579436136489209,-1.58221476510067,4.10120068610635,3.25632377740304,-0.358423091458806
"494","10933694","Children","0",7,"F",10,0.5,"ver1",-1,-2,"Children",-0.141936136489209,0.417785234899329,4.10120068610635,0.256323777403035,0.0790769085411943
"495","10933695","Children","0",6,"F",11,0.266666666666667,"ver1",-4,5,"Children",-0.375269469822542,-0.582214765100671,1.10120068610635,7.25632377740304,-0.154256424792139
"496","10933696","Children","0",7,"F",11,0.8125,"ver1",-3,2,"Children",0.170563863510791,0.417785234899329,2.10120068610635,4.25632377740304,0.391576908541194
"497","10933697","Children","1",11,"M",10,0.133333333333333,"ver1",-11,6,"Children",-0.508602803155876,4.41778523489933,-5.89879931389365,8.25632377740304,-0.287589758125473
"498","10933698","Children","0",4,"M",11,0.4375,"ver1",-7,1,"Children",-0.204436136489209,-2.58221476510067,-1.89879931389365,3.25632377740304,0.0165769085411943
"499","10933699","Children","1",0,"F",10,0.625,"ver1",0,-10,"Children",-0.0169361364892091,-6.58221476510067,5.10120068610635,-7.74367622259696,0.204076908541194
"500","10933700","Children","0",10,"F",11,0.4375,"ver1",-1,-1,"Children",-0.204436136489209,3.41778523489933,4.10120068610635,1.25632377740304,0.0165769085411943
"501","10933701","Children","1",4,"F",11,0.8,"ver1",-2,-3,"Children",0.158063863510791,-2.58221476510067,3.10120068610635,-0.743676222596965,0.379076908541194
"502","10933702","Children","1",10,"M",11,0.25,"ver1",-7,3,"Children",-0.391936136489209,3.41778523489933,-1.89879931389365,5.25632377740304,-0.170923091458806
"503","10933703","Children","0",7,"F",10,0.0625,"ver1",-1,0,"Children",-0.579436136489209,0.417785234899329,4.10120068610635,2.25632377740304,-0.358423091458806
"504","10933704","Children","0",8,"F",11,0.8125,"ver1",-9,-1,"Children",0.170563863510791,1.41778523489933,-3.89879931389365,1.25632377740304,0.391576908541194
"505","10933705","Children","0",12,"M",11,NA,"ver1",-6,2,"Children",NA,5.41778523489933,-0.898799313893654,4.25632377740304,NA
"506","10933876","Children","1",14,"F",10,0.285714285714286,"ver1",-2,0,"Children",-0.356221850774923,7.41778523489933,3.10120068610635,2.25632377740304,-0.13520880574452
"507","10933877","Children","0",7,"M",10,0.0625,"ver1",-13,-5,"Children",-0.579436136489209,0.417785234899329,-7.89879931389365,-2.74367622259696,-0.358423091458806
"508","10933878","Children","0",8,"M",10,0,"ver1",-6,1,"Children",-0.641936136489209,1.41778523489933,-0.898799313893654,3.25632377740304,-0.420923091458806
"509","10933879","Children","1",7,"M",10,0.125,"ver1",-6,-9,"Children",-0.516936136489209,0.417785234899329,-0.898799313893654,-6.74367622259696,-0.295923091458806
"510","10933880","Children","0",6,"F",11,0.3125,"ver1",-2,-17,"Children",-0.329436136489209,-0.582214765100671,3.10120068610635,-14.743676222597,-0.108423091458806
"511","10933881","Children","0",6,"M",9,0.642857142857143,"ver1",-4,-8,"Children",0.000921006367933908,-0.582214765100671,1.10120068610635,-5.74367622259696,0.221934051398337
"512","10933882","Children","0",8,"M",10,0.333333333333333,"ver1",-6,0,"Children",-0.308602803155876,1.41778523489933,-0.898799313893654,2.25632377740304,-0.0875897581254728
"513","10933884","Children","1",6,"F",10,NA,"ver1",-7,0,"Children",NA,-0.582214765100671,-1.89879931389365,2.25632377740304,NA
"514","10933885","Children","0",6,"M",10,0.3125,"ver1",-6,-10,"Children",-0.329436136489209,-0.582214765100671,-0.898799313893654,-7.74367622259696,-0.108423091458806
"515","10933886","Children","0",4,"F",10,0.625,"ver1",-13,4,"Children",-0.0169361364892091,-2.58221476510067,-7.89879931389365,6.25632377740304,0.204076908541194
"516","10933887","Children","1",11,"F",10,0.375,"ver1",-11,0,"Children",-0.266936136489209,4.41778523489933,-5.89879931389365,2.25632377740304,-0.0459230914588057
"517","10933888","Children","0",14,"M",10,NA,"ver1",-15,0,"Children",NA,7.41778523489933,-9.89879931389365,2.25632377740304,NA
"518","10933889","Children","1",8,"F",10,0.533333333333333,"ver1",-4,3,"Children",-0.108602803155876,1.41778523489933,1.10120068610635,5.25632377740304,0.112410241874527
"519","10933890","Children","0",5,"M",10,NA,"ver1",-7,0,"Children",NA,-1.58221476510067,-1.89879931389365,2.25632377740304,NA
"520","10933892","Children","1",2,"F",10,0.1875,"ver1",-8,-4,"Children",-0.454436136489209,-4.58221476510067,-2.89879931389365,-1.74367622259696,-0.233423091458806
"521","10933893","Children","0",7,"M",10,NA,"ver1",-13,-4,"Children",NA,0.417785234899329,-7.89879931389365,-1.74367622259696,NA
"522","10933894","Children","0",5,"M",10,0.3125,"ver1",-1,-5,"Children",-0.329436136489209,-1.58221476510067,4.10120068610635,-2.74367622259696,-0.108423091458806
"523","10933895","Children","1",9,"F",9,0.3125,"ver1",-3,0,"Children",-0.329436136489209,2.41778523489933,2.10120068610635,2.25632377740304,-0.108423091458806
"524","10933896","Children","0",6,"F",10,NA,"ver1",-9,0,"Children",NA,-0.582214765100671,-3.89879931389365,2.25632377740304,NA
"525","10933897","Children","0",3,"M",10,0.0769230769230769,"ver1",-6,-7,"Children",-0.565013059566132,-3.58221476510067,-0.898799313893654,-4.74367622259696,-0.344000014535729
"526","10934054","Children","0",8,"M",10,0.466666666666667,"ver1",-3,2,"Children",-0.175269469822542,1.41778523489933,2.10120068610635,4.25632377740304,0.0457435752078613
"527","10934055","Children","0",9,"M",10,0.5625,"ver1",-4,-14,"Children",-0.0794361364892091,2.41778523489933,1.10120068610635,-11.743676222597,0.141576908541194
"528","10934056","Children","0",8,"M",10,NA,"ver1",-7,0,"Children",NA,1.41778523489933,-1.89879931389365,2.25632377740304,NA
"529","10934057","Children","0",4,"M",10,0.714285714285714,"ver1",-2,-2,"Children",0.0723495777965049,-2.58221476510067,3.10120068610635,0.256323777403035,0.293362622826908
"530","10934058","Children","0",11,"M",10,0.375,"ver1",-11,-16,"Children",-0.266936136489209,4.41778523489933,-5.89879931389365,-13.743676222597,-0.0459230914588057
"531","10934059","Children","0",6,"M",9,0.714285714285714,"ver1",-2,1,"Children",0.0723495777965049,-0.582214765100671,3.10120068610635,3.25632377740304,0.293362622826908
"532","10934060","Children","0",6,"M",9,0.4375,"ver1",-10,-12,"Children",-0.204436136489209,-0.582214765100671,-4.89879931389365,-9.74367622259696,0.0165769085411943
"533","10934061","Children","0",6,"M",10,0.1875,"ver1",-5,-4,"Children",-0.454436136489209,-0.582214765100671,0.101200686106346,-1.74367622259696,-0.233423091458806
"534","10934062","Children","0",6,"M",10,0.5625,"ver1",-5,0,"Children",-0.0794361364892091,-0.582214765100671,0.101200686106346,2.25632377740304,0.141576908541194
"535","10934063","Children","0",8,"M",10,NA,"ver1",-6,0,"Children",NA,1.41778523489933,-0.898799313893654,2.25632377740304,NA
"536","10934064","Children","0",10,"M",10,0.1875,"ver1",-7,0,"Children",-0.454436136489209,3.41778523489933,-1.89879931389365,2.25632377740304,-0.233423091458806
"537","10934065","Children","0",8,"F",10,0.133333333333333,"ver1",-12,0,"Children",-0.508602803155876,1.41778523489933,-6.89879931389365,2.25632377740304,-0.287589758125473
"538","10934066","Children","0",8,"F",9,NA,"ver1",-11,-2,"Children",NA,1.41778523489933,-5.89879931389365,0.256323777403035,NA
"539","10934067","Children","1",9,"M",10,0.1875,"ver1",-17,0,"Children",-0.454436136489209,2.41778523489933,-11.8987993138937,2.25632377740304,-0.233423091458806
"540","10934068","Children","0",7,"F",10,0.1875,"ver1",-7,12,"Children",-0.454436136489209,0.417785234899329,-1.89879931389365,14.256323777403,-0.233423091458806
"541","10934069","Children","1",14,"M",10,0.125,"ver1",-1,0,"Children",-0.516936136489209,7.41778523489933,4.10120068610635,2.25632377740304,-0.295923091458806
"542","10934070","Children","0",5,"F",10,0.3125,"ver1",-6,-17,"Children",-0.329436136489209,-1.58221476510067,-0.898799313893654,-14.743676222597,-0.108423091458806
"543","10934071","Children","1",10,"F",10,0.3125,"ver1",-2,-3,"Children",-0.329436136489209,3.41778523489933,3.10120068610635,-0.743676222596965,-0.108423091458806
"544","10934074","Children","0",8,"F",10,0.0625,"ver1",-9,-8,"Children",-0.579436136489209,1.41778523489933,-3.89879931389365,-5.74367622259696,-0.358423091458806
"545","10934355","Children","0",8,"F",9,0.714285714285714,"ver1",-2,-4,"Children",0.0723495777965049,1.41778523489933,3.10120068610635,-1.74367622259696,0.293362622826908
"546","10934356","Children","0",7,"F",10,0.9375,"ver1",-4,0,"Children",0.295563863510791,0.417785234899329,1.10120068610635,2.25632377740304,0.516576908541194
"547","10934357","Children","0",6,"F",10,0.266666666666667,"ver1",-1,0,"Children",-0.375269469822542,-0.582214765100671,4.10120068610635,2.25632377740304,-0.154256424792139
"548","10934358","Children","0",10,"M",10,0.357142857142857,"ver1",-11,-4,"Children",-0.284793279346352,3.41778523489933,-5.89879931389365,-1.74367622259696,-0.0637802343159488
"549","10934359","Children","1",6,"F",9,0.6875,"ver1",-21,0,"Children",0.0455638635107909,-0.582214765100671,-15.8987993138937,2.25632377740304,0.266576908541194
"550","10934360","Children","0",1,"M",9,0.375,"ver1",-22,3,"Children",-0.266936136489209,-5.58221476510067,-16.8987993138937,5.25632377740304,-0.0459230914588057
"551","10934361","Children","0",4,"M",10,0.3125,"ver1",-10,-4,"Children",-0.329436136489209,-2.58221476510067,-4.89879931389365,-1.74367622259696,-0.108423091458806
"552","10934362","Children","0",7,"M",NA,0.5,"ver1",-2,1,"Children",-0.141936136489209,0.417785234899329,3.10120068610635,3.25632377740304,0.0790769085411943
"553","10934363","Children","0",9,"F",10,0.384615384615385,"ver1",-3,-13,"Children",-0.257320751873824,2.41778523489933,2.10120068610635,-10.743676222597,-0.0363077068434207
"554","10934364","Children","0",5,"M",10,0.583333333333333,"ver1",-23,4,"Children",-0.0586028031558761,-1.58221476510067,-17.8987993138937,6.25632377740304,0.162410241874527
"555","10934365","Children","0",7,"M",10,NA,"ver1",-4,-4,"Children",NA,0.417785234899329,1.10120068610635,-1.74367622259696,NA
"556","10934366","Children","1",15,"F",10,NA,"ver1",-9,-9,"Children",NA,8.41778523489933,-3.89879931389365,-6.74367622259696,NA
"557","10934367","Children","1",0,"M",10,0.125,"ver1",-3,-4,"Children",-0.516936136489209,-6.58221476510067,2.10120068610635,-1.74367622259696,-0.295923091458806
"558","10934368","Children","0",7,"M",9,0.153846153846154,"ver1",-15,2,"Children",-0.488089982643055,0.417785234899329,-9.89879931389365,4.25632377740304,-0.267076937612652
"559","10934369","Children","1",15,"F",10,0.375,"ver1",-4,0,"Children",-0.266936136489209,8.41778523489933,1.10120068610635,2.25632377740304,-0.0459230914588057
"560","10934370","Children","1",15,"M",10,0.3125,"ver1",-6,0,"Children",-0.329436136489209,8.41778523489933,-0.898799313893654,2.25632377740304,-0.108423091458806
"561","10934371","Children","0",7,"F",10,0.1875,"ver1",-1,0,"Children",-0.454436136489209,0.417785234899329,4.10120068610635,2.25632377740304,-0.233423091458806
"562","10934372","Children","1",15,"M",9,0.1875,"ver1",-5,-14,"Children",-0.454436136489209,8.41778523489933,0.101200686106346,-11.743676222597,-0.233423091458806
"563","10934373","Children","0",12,"M",10,0.4,"ver1",-4,0,"Children",-0.241936136489209,5.41778523489933,1.10120068610635,2.25632377740304,-0.0209230914588057
"564","10934374","Children","0",14,"M",10,0.8125,"ver1",0,0,"Children",0.170563863510791,7.41778523489933,5.10120068610635,2.25632377740304,0.391576908541194
"565","10934375","Children","0",7,"M",10,0.466666666666667,"ver1",-4,0,"Children",-0.175269469822542,0.417785234899329,1.10120068610635,2.25632377740304,0.0457435752078613
"566","10936479","Children","0",5,"F",11,0.266666666666667,"ver1",-13,2,"Children",-0.375269469822542,-1.58221476510067,-7.89879931389365,4.25632377740304,-0.154256424792139
"567","10936484","Children","0",8,"M",11,0.5,"ver1",-2,-4,"Children",-0.141936136489209,1.41778523489933,3.10120068610635,-1.74367622259696,0.0790769085411943
"568","10936489","Children","0",5,"M",11,0.933333333333333,"ver1",-2,-20,"Children",0.291397196844124,-1.58221476510067,3.10120068610635,-17.743676222597,0.512410241874527
"569","10936497","Children","0",6,"F",11,NA,"ver1",-4,-5,"Children",NA,-0.582214765100671,1.10120068610635,-2.74367622259696,NA
"570","10936551","Children","0",7,"M",11,0.384615384615385,"ver1",-6,2,"Children",-0.257320751873824,0.417785234899329,-0.898799313893654,4.25632377740304,-0.0363077068434207
"571","10936553","Children","0",8,"F",11,0.375,"ver1",-4,-14,"Children",-0.266936136489209,1.41778523489933,1.10120068610635,-11.743676222597,-0.0459230914588057
"572","10936554","Children","0",3,"M",11,0.1875,"ver1",-6,-7,"Children",-0.454436136489209,-3.58221476510067,-0.898799313893654,-4.74367622259696,-0.233423091458806
"573","10936555","Children","0",9,"M",11,NA,"ver1",-13,-10,"Children",NA,2.41778523489933,-7.89879931389365,-7.74367622259696,NA
"574","10936556","Children","0",6,"F",11,0.6875,"ver1",0,0,"Children",0.0455638635107909,-0.582214765100671,5.10120068610635,2.25632377740304,0.266576908541194
"575","10936557","Children","1",0,"F",11,0.6,"ver1",-4,1,"Children",-0.0419361364892091,-6.58221476510067,1.10120068610635,3.25632377740304,0.179076908541194
"576","10936558","Children","0",13,"M",10,0.375,"ver1",-9,2,"Children",-0.266936136489209,6.41778523489933,-3.89879931389365,4.25632377740304,-0.0459230914588057
"577","10936559","Children","0",8,"F",11,0.3125,"ver1",-12,-4,"Children",-0.329436136489209,1.41778523489933,-6.89879931389365,-1.74367622259696,-0.108423091458806
"578","10936560","Children","1",15,"F",NA,0.625,"ver1",-14,-18,"Children",-0.0169361364892091,8.41778523489933,-8.89879931389365,-15.743676222597,0.204076908541194
"579","10936561","Children","0",13,"F",10,0.333333333333333,"ver1",-6,-20,"Children",-0.308602803155876,6.41778523489933,-0.898799313893654,-17.743676222597,-0.0875897581254728
"580","10936562","Children","1",10,"F",11,0.125,"ver1",-1,6,"Children",-0.516936136489209,3.41778523489933,4.10120068610635,8.25632377740304,-0.295923091458806
"581","10936563","Children","1",14,"F",11,0.846153846153846,"ver1",-6,-6,"Children",0.204217709664637,7.41778523489933,-0.898799313893654,-3.74367622259696,0.42523075469504
"582","10936564","Children","0",9,"M",11,0.133333333333333,"ver1",-3,-9,"Children",-0.508602803155876,2.41778523489933,2.10120068610635,-6.74367622259696,-0.287589758125473
"583","10936580","Children","1",0,"F",11,0.5,"ver1",0,-14,"Children",-0.141936136489209,-6.58221476510067,5.10120068610635,-11.743676222597,0.0790769085411943
"584","10937247","Children","0",6,"F",11,NA,"ver1",-4,-12,"Children",NA,-0.582214765100671,1.10120068610635,-9.74367622259696,NA
"585","10937297","Children","0",5,"M",10,0.2,"ver1",-3,-2,"Children",-0.441936136489209,-1.58221476510067,2.10120068610635,0.256323777403035,-0.220923091458806
"586","10937298","Children","0",6,"F",11,0.625,"ver1",-2,-4,"Children",-0.0169361364892091,-0.582214765100671,3.10120068610635,-1.74367622259696,0.204076908541194
"587","10937299","Children","0",5,"M",11,0.857142857142857,"ver1",0,-20,"Children",0.215206720653648,-1.58221476510067,5.10120068610635,-17.743676222597,0.436219765684051
"588","10937300","Children","1",4,"M",10,0.333333333333333,"ver1",-17,-20,"Children",-0.308602803155876,-2.58221476510067,-11.8987993138937,-17.743676222597,-0.0875897581254728
"589","10937301","Children","0",6,"F",11,0.9375,"ver1",-2,4,"Children",0.295563863510791,-0.582214765100671,3.10120068610635,6.25632377740304,0.516576908541194
"590","10937302","Children","0",4,"F",11,0.714285714285714,"ver1",-2,-2,"Children",0.0723495777965049,-2.58221476510067,3.10120068610635,0.256323777403035,0.293362622826908
"591","10937303","Children","0",7,"M",11,NA,"ver1",-12,3,"Children",NA,0.417785234899329,-6.89879931389365,5.25632377740304,NA
"592","10937304","Children","0",3,"M",11,0.133333333333333,"ver1",-10,0,"Children",-0.508602803155876,-3.58221476510067,-4.89879931389365,2.25632377740304,-0.287589758125473
"593","10937305","Children","0",5,"F",10,0.923076923076923,"ver1",-1,12,"Children",0.281140786587714,-1.58221476510067,4.10120068610635,14.256323777403,0.502153831618117
"594","10937306","Children","0",8,"M",11,0.714285714285714,"ver1",-10,-1,"Children",0.0723495777965049,1.41778523489933,-4.89879931389365,1.25632377740304,0.293362622826908
"595","10937308","Children","0",9,"M",11,NA,"ver1",-7,-2,"Children",NA,2.41778523489933,-1.89879931389365,0.256323777403035,NA
"596","10937309","Children","0",6,"M",11,0.333333333333333,"ver1",-5,-6,"Children",-0.308602803155876,-0.582214765100671,0.101200686106346,-3.74367622259696,-0.0875897581254728
